System,Utterance,H:engaging,H:context,H:natural,H:overall,H:understandable,H:useknowledge,S3_pyr,S3_resp,ROUGE_WE_1,ROUGE_WE_2,JS_1,JS_2,ROUGE_L,ROUGE_1,ROUGE_2,BLEU,Chrfpp,BERTScore,MoverScore
0,M0,2.3333333333333335,1.0,3.0,3.3333333333333335,0.6666666666666666,0.0,-0.029710522849778043,0.2247363272927465,0.2222222222222222,0.02857142857142857,-0.6931471805599452,-0.6931471805599453,0.1111111111111111,0.19444444444444445,0.0,1.2199580474453442,0.15384029951833889,0.5044373869895935,0.12123763084562988
0,M1,2.6666666666666665,1.6666666666666667,2.3333333333333335,2.6666666666666665,0.3333333333333333,0.0,0.013919239720825427,0.25726606213559666,0.19444444444444445,0.02857142857142857,-0.6325849713698299,-0.6931471805599452,0.16666666666666666,0.19444444444444445,0.0,1.5647115278491994,0.2080486979672342,0.5338744521141052,0.09928002636582633
0,M2,1.3333333333333333,1.3333333333333333,2.3333333333333335,2.0,0.6666666666666666,0.0,-0.08560383488369805,0.20602645737310965,0.05555555555555555,0.0,-0.6931471805599453,-0.6931471805599454,0.05555555555555555,0.05555555555555555,0.0,0.6269916824103032,0.07261693177801257,0.4650169312953949,-0.0751781237614153
0,M3,2.3333333333333335,1.3333333333333333,3.0,3.0,0.3333333333333333,0.0,0.03479150601973524,0.2714406323922034,0.16666666666666666,0.057142857142857134,-0.6454086179378343,-0.6613214721452045,0.16666666666666666,0.19444444444444445,0.028571428571428567,1.5067133604478538,0.17741648381572112,0.5547735691070557,0.132443827250587
0,M4,2.6666666666666665,2.6666666666666665,3.0,4.666666666666667,1.0,0.6666666666666666,-0.032012516003079305,0.22753648633968415,0.16666666666666666,0.02857142857142857,-0.6931471805599453,-0.6931471805599454,0.08333333333333333,0.16666666666666666,0.0,1.358477924116243,0.1502510509387792,0.4905069172382355,-0.022884622938672328
1,M0,2.0,2.6666666666666665,2.6666666666666665,3.6666666666666665,1.0,0.0,0.03682606742467731,0.26147358884794836,0.11428571428571428,0.1176470588235294,-0.6262444818817843,-0.6116899770404824,0.11428571428571428,0.11428571428571428,0.0588235294117647,2.0222338148230947,0.12238702712169859,0.5808848142623901,0.030341610583309198
1,M1,1.6666666666666667,1.6666666666666667,2.3333333333333335,2.0,1.0,0.0,0.06450629408605557,0.2822410923934102,0.2,0.08823529411764706,-0.6134023408927547,-0.6931471805599452,0.17142857142857143,0.2,0.029411764705882353,1.7757827958157586,0.10865600124881834,0.5537348985671997,-0.05175598389303393
1,M2,1.0,1.0,1.0,1.0,0.0,0.0,-0.0009274385606623525,0.2495086644398612,0.11428571428571428,0.058823529411764705,-0.6359329722858943,-0.6674652422076055,0.11428571428571428,0.11428571428571428,0.029411764705882353,3.0081116218247415,0.15690944776774285,0.5101746320724487,-0.012239956290669651
1,M3,1.6666666666666667,1.6666666666666667,2.3333333333333335,2.0,0.6666666666666666,0.0,0.029122555923162485,0.24065594519462152,0.14285714285714285,0.11764705882352941,-0.64245500357985,-0.6931471805599451,0.08571428571428572,0.14285714285714285,0.0,1.1397613323134768,0.13053519961967777,0.4852418899536133,-0.023636068693462242
1,M4,2.6666666666666665,2.6666666666666665,2.6666666666666665,3.6666666666666665,1.0,0.3333333333333333,0.10140507118400321,0.3033614585180704,0.2,0.11764705882352941,-0.5817007499141892,-0.6249492339569294,0.14285714285714285,0.2,0.058823529411764705,3.448001092554088,0.16678333718374722,0.5168489217758179,-0.03871432434654243
2,M0,2.0,2.3333333333333335,2.3333333333333335,3.3333333333333335,1.0,0.6666666666666666,0.08559322747628706,0.28661447878110835,0.24390243902439024,0.125,-0.6490429646827465,-0.665105027767893,0.12195121951219512,0.24390243902439024,0.05,2.808910503615342,0.18824588291461292,0.460653156042099,-0.008038235130310545
2,M1,1.6666666666666667,2.0,1.6666666666666667,2.6666666666666665,0.3333333333333333,0.6666666666666666,-0.018293064447041818,0.23425567168259387,0.0975609756097561,0.05,-0.6379629703183386,-0.6931471805599454,0.07317073170731707,0.0975609756097561,0.0,0.6100377428570658,0.09919790389953671,0.45683953166007996,-0.14230698754785598
2,M2,1.6666666666666667,2.0,1.3333333333333333,2.0,0.0,1.0,0.07006434361009117,0.2704050376908008,0.21951219512195122,0.125,-0.6473242035890869,-0.6931471805599452,0.12195121951219512,0.21951219512195122,0.025,2.613558442067342,0.1431639448834537,0.4730128049850464,-0.04071456512166027
2,M3,2.0,2.3333333333333335,2.3333333333333335,3.3333333333333335,1.0,0.0,0.03295418104325909,0.25324597627333767,0.17073170731707318,0.1,-0.6490429646827465,-0.6644463625306525,0.14634146341463414,0.17073170731707318,0.025,2.0719515300470603,0.1943504948519454,0.4877380132675171,0.07387038023406378
2,M4,3.0,3.0,3.0,5.0,1.0,1.0,0.18784189880594437,0.34007836604055997,0.3170731707317073,0.15,-0.5610356145465876,-0.6504214006159241,0.14634146341463414,0.3170731707317073,0.049999999999999996,3.1091006235412864,0.2785462945340034,0.5405031442642212,0.09876439272604265
3,M0,1.3333333333333333,1.3333333333333333,1.6666666666666667,1.6666666666666667,0.3333333333333333,1.0,-0.08654372617693606,0.20547865103065444,0.05263157894736842,0.0,-0.6931471805599452,-0.6931471805599454,0.05263157894736842,0.05263157894736842,0.0,0.20368352190652314,0.06269324255408365,0.4597512483596802,-0.044435419264383214
3,M1,1.3333333333333333,1.0,2.3333333333333335,1.3333333333333333,0.3333333333333333,1.0,0.003040699223043286,0.2565660146849007,0.10526315789473684,0.05405405405405406,-0.621381435558719,-0.5974533729593166,0.10526315789473684,0.10526315789473684,0.05405405405405406,0.864289180783769,0.0877079196528869,0.4981774389743805,0.014822211268572194
3,M2,1.0,1.6666666666666667,2.6666666666666665,1.6666666666666667,0.6666666666666666,1.0,-0.09470758932037826,0.20066355216747123,0.02631578947368421,0.0,-0.6931471805599452,-0.6931471805599454,0.02631578947368421,0.02631578947368421,0.0,0.36548129021505177,0.07443686815960912,0.41746434569358826,-0.0857133114847215
3,M3,1.3333333333333333,1.0,2.0,1.3333333333333333,0.3333333333333333,1.0,0.06045229778745109,0.2880615277183256,0.15789473684210525,0.08108108108108109,-0.586035724442077,-0.6255796372831285,0.07894736842105263,0.15789473684210525,0.05405405405405406,2.397705120524271,0.18309285540218626,0.5252116322517395,0.06201780543823743
3,M4,2.6666666666666665,3.0,3.0,5.0,1.0,1.0,-0.058103124594576894,0.22680750299136776,0.05263157894736842,0.0,-0.639591452501011,-0.6931471805599453,0.05263157894736842,0.05263157894736842,0.0,0.7978484583739371,0.1197256390767079,0.445402592420578,-0.0023927672851502546
4,M0,2.0,2.3333333333333335,1.3333333333333333,2.6666666666666665,0.3333333333333333,0.3333333333333333,0.3000501897881056,0.4714699996006112,0.3333333333333333,0.18181818181818182,-0.48715737643467477,-0.5773982135629618,0.3333333333333333,0.3333333333333333,0.18181818181818182,8.475426399505569,0.3480668488116328,0.5818414688110352,0.10778441574475206
4,M1,2.3333333333333335,2.0,2.6666666666666665,3.0,1.0,1.0,0.1260672879571212,0.3064139113497578,0.25,0.09090909090909091,-0.5385808258255476,-0.6931471805599452,0.25,0.25,0.0,2.5828020030551087,0.20447052206961924,0.4972797930240631,0.09427475576559519
4,M2,1.0,1.3333333333333333,2.3333333333333335,1.6666666666666667,0.6666666666666666,0.0,-0.10233404016262426,0.19606098167862218,0.0,0.0,-0.6931471805599453,-0.6931471805599452,0.0,0.0,0.0,3.4015426186864377,0.14710026432611592,0.428880900144577,0.015528090007046025
4,M3,1.0,2.0,1.6666666666666667,1.6666666666666667,0.0,0.3333333333333333,0.04136990260012563,0.256623679715524,0.16666666666666666,0.09090909090909091,-0.6158640031927465,-0.6931471805599452,0.16666666666666666,0.16666666666666666,0.0,2.4426633221059637,0.233440122672237,0.5116456151008606,0.044072175323495166
4,M4,2.3333333333333335,3.0,3.0,4.333333333333333,1.0,1.0,0.17197196673137638,0.34705603830640763,0.16666666666666666,0.09090909090909091,-0.5080784369937441,-0.6931471805599452,0.16666666666666666,0.25,0.0,4.016138436407654,0.27359261568962834,0.6193438172340393,0.2446290963285065
5,M0,2.0,1.3333333333333333,2.0,1.6666666666666667,0.3333333333333333,0.0,0.13195161464340255,0.30323984337340526,0.2692307692307692,0.16,-0.6197032380643899,-0.6931471805599452,0.15384615384615385,0.2692307692307692,0.04,3.645087414136557,0.17816344348602411,0.46896883845329285,0.03255064521065454
5,M1,1.6666666666666667,1.3333333333333333,1.6666666666666667,1.6666666666666667,0.0,0.3333333333333333,0.06324303017596777,0.2768860048494425,0.15384615384615385,0.08,-0.5602869753761159,-0.6931471805599452,0.15384615384615385,0.15384615384615385,0.0,1.4491339833989647,0.16773321315441947,0.40280580520629883,-0.03799307104111538
5,M2,2.0,1.6666666666666667,2.0,1.6666666666666667,0.6666666666666666,0.0,0.047516906029390515,0.27305188524116397,0.23076923076923078,0.04,-0.6124132416395027,-0.6931471805599453,0.11538461538461539,0.23076923076923078,0.0,1.82680755836395,0.18407968188182977,0.48672401905059814,0.02354843290717168
5,M3,1.0,1.0,1.0,1.3333333333333333,0.0,0.0,-0.09100591423054527,0.20285994771098126,0.038461538461538464,0.0,-0.6931471805599453,-0.6931471805599453,0.038461538461538464,0.038461538461538464,0.0,1.1567397485091366,0.0896917544047497,0.4485767185688019,-0.011243362901731446
5,M4,3.0,3.0,3.0,5.0,1.0,1.0,0.20061564443885993,0.3545887375829011,0.3076923076923077,0.12,-0.5053148807298693,-0.6575946567128215,0.19230769230769232,0.3076923076923077,0.04,3.712934101015684,0.23707334688385115,0.5363418459892273,0.07357948107314338
6,M0,1.3333333333333333,1.3333333333333333,1.6666666666666667,1.3333333333333333,0.3333333333333333,0.6666666666666666,-0.08454566190784119,0.20664169508290886,0.058823529411764705,0.0,-0.6931471805599453,-0.6931471805599451,0.058823529411764705,0.058823529411764705,0.0,1.8160849415439309,0.1299587066929899,0.3989952802658081,-0.15271954158071233
6,M1,1.0,2.0,2.3333333333333335,2.3333333333333335,1.0,0.6666666666666666,-0.0845456619078413,0.20664169508289465,0.0588235294117647,0.0,-0.6931471805599453,-0.6931471805599452,0.0588235294117647,0.0588235294117647,0.0,2.0128303461390598,0.1246518816215211,0.3777359426021576,-0.18367303647033584
6,M2,1.0,1.0,1.3333333333333333,1.0,0.0,0.6666666666666666,-0.0641295298993454,0.21823836142848707,0.11764705882352941,0.0,-0.6931471805599453,-0.6931471805599452,0.11764705882352941,0.11764705882352941,0.0,2.245239387805882,0.12270210210118979,0.4070989191532135,-0.189120883313052
6,M3,1.0,1.6666666666666667,2.3333333333333335,2.0,1.0,0.6666666666666666,-0.0845456619078413,0.20664169508289465,0.058823529411764705,0.0,-0.6931471805599453,-0.6931471805599452,0.058823529411764705,0.058823529411764705,0.0,1.3962808234631476,0.0860961689316568,0.3888710141181946,-0.21531463320762478
6,M4,3.0,3.0,3.0,5.0,1.0,0.6666666666666666,0.016449524467078147,0.27074588005512057,0.17647058823529413,0.0,-0.5917628265997548,-0.6931471805599452,0.1176470588235294,0.17647058823529413,0.0,2.4870972210467115,0.20250758693762627,0.47279632091522217,-0.024018565720081764
7,M0,2.6666666666666665,3.0,3.0,3.6666666666666665,1.0,0.0,0.1547726319775211,0.359726931349882,0.21875,0.03225806451612903,-0.47455749442750106,-0.6615881143808287,0.125,0.25,0.03225806451612903,2.610414715376031,0.24765486070867815,0.5139051675796509,0.06626786591613454
7,M1,1.0,1.0,1.3333333333333333,1.0,0.0,0.0,0.12188701009394431,0.3304163868061354,0.15625,0.0967741935483871,-0.49922462642282167,-0.6098848901944717,0.15625,0.15625,0.06451612903225806,2.108197355562529,0.14089766543969934,0.5438908338546753,0.011931893329823251
7,M2,3.0,3.0,3.0,5.0,1.0,1.0,0.3190976129045551,0.4632330284314956,0.3125,0.16129032258064516,-0.4393111152049451,-0.5903012113926127,0.25,0.34375,0.12903225806451613,14.494568696092852,0.33555125014493253,0.602393388748169,0.19665539907185836
7,M3,2.3333333333333335,2.6666666666666665,2.0,4.0,0.6666666666666666,1.0,0.450337368589227,0.5386154800801838,0.43749999999999994,0.2258064516129032,-0.41781827074085937,-0.5812192723185816,0.34375,0.46875,0.16129032258064516,8.496143264866134,0.3848824815048577,0.5901268124580383,0.15359769313328353
7,M4,3.0,2.6666666666666665,3.0,4.666666666666667,1.0,1.0,0.3243011326769273,0.453134017878831,0.28125,0.16129032258064516,-0.3895997059632171,-0.6032659547880083,0.1875,0.3125,0.0967741935483871,5.845385607742816,0.26107701328232374,0.6440779566764832,0.26362999292496914
8,M0,2.6666666666666665,2.3333333333333335,2.3333333333333335,3.6666666666666665,0.6666666666666666,1.0,1.188522579765538,1.2929694487873045,0.75,0.7894736842105263,-0.07305496256479785,-0.27208597926865397,0.75,0.75,0.5789473684210527,49.41528895665225,0.7156025564857451,0.746474027633667,0.49688487381030144
8,M1,3.0,2.6666666666666665,3.0,4.666666666666667,1.0,1.0,1.2413708526647178,1.3910650232017068,0.8,0.7894736842105263,-0.03258935049315667,-0.21608863298126552,0.8,0.8,0.631578947368421,48.988642222409275,0.7691372691294569,0.807496190071106,0.5847817968394324
8,M2,2.6666666666666665,2.3333333333333335,1.6666666666666667,3.0,0.6666666666666666,1.0,1.203002414635936,1.3448452622743052,0.8,0.7894736842105263,-0.11098152399578042,-0.27680925093627523,0.8,0.8,0.631578947368421,37.34486738130203,0.7316069307186878,0.7585558891296387,0.43395136981752114
8,M3,2.0,2.0,1.6666666666666667,2.6666666666666665,0.0,0.3333333333333333,0.4083311220866833,0.5033206342259574,0.4,0.2631578947368421,-0.4285218852967525,-0.524894263807631,0.35,0.4,0.15789473684210525,9.486196006462647,0.3351545913173491,0.6408016085624695,0.21295219103914065
8,M4,3.0,3.0,3.0,5.0,1.0,1.0,1.09559758231098,1.2454340438599623,0.75,0.631578947368421,-0.14808729784890645,-0.28382851009934945,0.75,0.75,0.5789473684210527,42.66219662386316,0.6845686075346157,0.7384690642356873,0.44544423970714864
9,M0,2.3333333333333335,2.0,1.6666666666666667,3.0,0.6666666666666666,1.0,-0.03960377983771801,0.24213951503826747,0.037037037037037035,0.0,-0.6436366676628062,-0.6931471805599454,0.037037037037037035,0.07407407407407407,0.0,1.2944532586971997,0.17692478488324323,0.4313472807407379,-0.025317955831785754
9,M1,2.3333333333333335,2.3333333333333335,2.3333333333333335,2.6666666666666665,0.6666666666666666,1.0,-0.034295568017384426,0.22848919058277994,0.07407407407407407,0.038461538461538464,-0.6417833038552658,-0.6931471805599452,0.037037037037037035,0.07407407407407407,0.0,1.3811768100272739,0.18275942958815436,0.4267895519733429,-0.03507297548041599
9,M2,1.0,1.0,1.0,1.0,0.0,0.0,-0.06602319774876042,0.2224506543937147,0.037037037037037035,0.0,-0.6931471805599452,-0.6931471805599452,0.037037037037037035,0.07407407407407407,0.0,1.5283262635570904,0.12815003379004866,0.3887125551700592,-0.06089802050228266
9,M3,1.3333333333333333,1.0,1.0,1.0,0.0,0.0,-0.0544073790390478,0.22781799782056278,0.07407407407407407,0.0,-0.5988378071273532,-0.6931471805599453,0.037037037037037035,0.037037037037037035,0.0,0.44025407321781684,0.126866469252931,0.4623686671257019,-0.04030104685845415
9,M4,3.0,3.0,3.0,5.0,1.0,1.0,-0.01740483834151796,0.22094484297659545,0.14814814814814814,0.07692307692307693,-0.645328077135038,-0.6931471805599454,0.07407407407407407,0.1111111111111111,0.0,1.6794256847485503,0.22283301261817676,0.4759616553783417,-0.02466777195469172
10,M0,2.3333333333333335,3.0,2.0,3.3333333333333335,0.3333333333333333,1.0,0.3044436185043633,0.35869891629506323,0.38461538461538464,0.25,-0.49497983153990877,-0.6931471805599454,0.3076923076923077,0.38461538461538464,0.0,2.2608914449138346,0.2933057369387297,0.5980992317199707,0.09326060625525634
10,M1,1.6666666666666667,2.3333333333333335,1.3333333333333333,2.6666666666666665,0.3333333333333333,1.0,0.11384046716761465,0.2753383507694813,0.2307692307692308,0.16666666666666666,-0.6049387488055478,-0.6931471805599454,0.15384615384615385,0.2307692307692308,0.0,3.0272532566104675,0.13660559012220666,0.5243828892707825,0.0588169298657133
10,M2,2.0,2.3333333333333335,1.6666666666666667,2.6666666666666665,0.3333333333333333,1.0,0.35980855188377137,0.43304127081614774,0.38461538461538464,0.25,-0.4473202396772018,-0.6376706607610703,0.38461538461538464,0.38461538461538464,0.08333333333333333,6.143498010483918,0.3377256216384327,0.5989694595336914,0.09584533730394695
10,M3,1.3333333333333333,1.6666666666666667,1.3333333333333333,2.3333333333333335,0.3333333333333333,1.0,0.10253623109769261,0.2677900788507197,0.23076923076923075,0.16666666666666666,-0.6238324625039507,-0.6931471805599454,0.23076923076923075,0.23076923076923075,0.0,2.1300733682208985,0.22439882896211655,0.4782070815563202,0.037142529510008404
10,M4,3.0,3.0,3.0,5.0,1.0,1.0,0.30015685386505153,0.42585165766542843,0.3076923076923077,0.16666666666666666,-0.4067158048272795,-0.6230417985798145,0.3076923076923077,0.3076923076923077,0.08333333333333333,5.61448414888736,0.229158430084133,0.6571202278137207,0.2896931764446907
11,M0,2.6666666666666665,3.0,3.0,4.666666666666667,1.0,1.0,0.03264532383761776,0.24238928483924793,0.23809523809523808,0.1,-0.6931471805599454,-0.6931471805599453,0.14285714285714285,0.23809523809523808,0.0,1.5059289779946525,0.176938559813981,0.4653548300266266,-0.022873659049628348
11,M1,1.3333333333333333,1.6666666666666667,2.0,2.0,0.0,0.3333333333333333,-0.05460419385468851,0.22349883274834437,0.14285714285714285,0.0,-0.6931471805599454,-0.6931471805599453,0.09523809523809522,0.14285714285714285,0.0,2.176316275810588,0.15787224861321533,0.43754759430885315,-0.007835010920869134
11,M2,2.0,2.0,2.6666666666666665,3.3333333333333335,1.0,1.0,-0.015623045670530522,0.2511005997855601,0.14285714285714285,0.0,-0.6230417985798145,-0.6931471805599454,0.09523809523809523,0.14285714285714285,0.0,3.8700984230065583,0.17251529942207594,0.4727916419506073,-0.021544819331337228
11,M3,1.3333333333333333,2.0,2.6666666666666665,2.0,1.0,0.0,-0.02524580881412386,0.24797216913005637,0.09523809523809525,0.0,-0.6073258681488689,-0.6931471805599453,0.04761904761904762,0.09523809523809525,0.0,2.9335841455361362,0.11658893973801424,0.4674241542816162,-0.059556177555581735
11,M4,3.0,3.0,3.0,5.0,1.0,1.0,0.05100076744930626,0.24961907132036465,0.2857142857142857,0.1,-0.6353849155132832,-0.6931471805599452,0.09523809523809523,0.23809523809523805,0.0,1.9240848598265397,0.27617153838679626,0.5057200193405151,0.10393676241403849
12,M0,1.6666666666666667,2.6666666666666665,2.3333333333333335,2.3333333333333335,0.0,0.0,0.10312941258032338,0.30573224515616715,0.16129032258064516,0.1,-0.5259282081626516,-0.6518838430163909,0.16129032258064516,0.16129032258064516,0.03333333333333333,1.8442787234734925,0.18121722413449154,0.5440810918807983,0.061222900787480716
12,M1,1.6666666666666667,2.6666666666666665,2.3333333333333335,2.6666666666666665,1.0,0.0,0.07448259553053149,0.31441974596517985,0.0967741935483871,0.03333333333333333,-0.5136107899790715,-0.6438646199429761,0.0967741935483871,0.12903225806451613,0.03333333333333333,1.4836993870208715,0.16494217346857126,0.5369704961776733,0.022024862084955465
12,M2,2.3333333333333335,2.6666666666666665,2.6666666666666665,3.6666666666666665,1.0,0.0,0.11882349710664264,0.3179674511545739,0.12903225806451613,0.13333333333333333,-0.5136107899790716,-0.5994246564568106,0.12903225806451613,0.12903225806451613,0.06666666666666667,1.633158337115896,0.166851726122547,0.5467648506164551,0.05271475752539201
12,M3,2.3333333333333335,2.0,3.0,3.3333333333333335,0.6666666666666666,0.3333333333333333,0.0028906013030287614,0.21766133779808383,0.12903225806451613,0.13333333333333333,-0.6931471805599452,-0.6931471805599452,0.0967741935483871,0.12903225806451613,0.0,2.263466063583447,0.11461602673699878,0.49978864192962646,-0.010172618564914249
12,M4,3.0,3.0,2.6666666666666665,4.666666666666667,1.0,1.0,0.29602880025677436,0.40658498058769366,0.2903225806451613,0.2,-0.4165436914297298,-0.6299880003662516,0.2258064516129032,0.2903225806451613,0.06666666666666667,4.0965306683105425,0.30925755167567565,0.647607684135437,0.17780140521097265
13,M0,1.0,1.0,1.0,1.0,0.0,0.0,-0.08038827326482834,0.20904399946793273,0.07142857142857142,0.0,-0.6931471805599454,-0.6931471805599454,0.07142857142857142,0.07142857142857142,0.0,1.2753998269755913,0.15091413121874467,0.37263724207878113,-0.05947772718904876
13,M1,1.0,1.0,1.3333333333333333,1.3333333333333333,0.0,0.0,0.0643810731336919,0.2711266088047247,0.25,0.07407407407407407,-0.6267533370473994,-0.6931471805599453,0.10714285714285714,0.25,0.0,4.290599573531789,0.1734105223264307,0.5034869909286499,0.06781191392300523
13,M2,2.6666666666666665,1.3333333333333333,2.3333333333333335,2.3333333333333335,1.0,0.0,-0.06796297037202015,0.21609671188866741,0.10714285714285714,0.0,-0.6931471805599454,-0.6931471805599452,0.07142857142857142,0.10714285714285714,0.0,1.816230541030891,0.18367169250123425,0.4061855673789978,-0.08950327889541798
13,M3,1.6666666666666667,1.0,2.0,1.6666666666666667,0.6666666666666666,0.0,-0.03513612871100724,0.21830318797844128,0.21428571428571427,0.037037037037037035,-0.6931471805599454,-0.6931471805599453,0.14285714285714285,0.17857142857142858,0.0,2.0219972443114136,0.20849327501590492,0.4381612539291382,-0.007632109042799762
13,M4,3.0,3.0,3.0,5.0,1.0,0.6666666666666666,-0.04975669012156403,0.21033872165237288,0.17857142857142858,0.037037037037037035,-0.6931471805599454,-0.6931471805599453,0.07142857142857142,0.14285714285714285,0.0,1.8791487521067465,0.21176630865024987,0.4432619512081146,-0.07576433950812289
14,M0,2.3333333333333335,2.3333333333333335,2.6666666666666665,3.6666666666666665,0.6666666666666666,1.0,0.07464832337851324,0.3158727277620391,0.2222222222222222,0.125,-0.6931471805599453,-0.6931471805599453,0.2222222222222222,0.2222222222222222,0.125,4.753622060013117,0.19373501539245944,0.4754619002342224,-0.02629166738181543
14,M1,1.6666666666666667,2.0,2.0,2.3333333333333335,0.6666666666666666,1.0,0.17896509583754894,0.32976968839192233,0.1111111111111111,0.125,-0.34657359027997264,-0.34657359027997264,0.1111111111111111,0.1111111111111111,0.0,4.065425428798724,0.14625811960708002,0.6149069666862488,0.22927797180898335
14,M2,1.6666666666666667,1.6666666666666667,1.6666666666666667,2.0,0.3333333333333333,1.0,0.15298852754202985,0.2687173393476977,0.3333333333333333,0.25,-0.6931471805599453,-0.6931471805599453,0.3333333333333333,0.3333333333333333,0.0,3.2342452920962157,0.18133025135316697,0.4789821207523346,-0.02398725049553674
14,M3,2.0,2.0,1.6666666666666667,2.6666666666666665,0.3333333333333333,1.0,-0.06652423554594489,0.2169022525213966,0.1111111111111111,0.0,-0.6931471805599453,-0.6931471805599452,0.1111111111111111,0.1111111111111111,0.0,2.2731543567022867,0.14235491197761418,0.4776221811771393,-0.02673660309031356
14,M4,2.6666666666666665,3.0,3.0,5.0,1.0,1.0,0.7845845587807194,0.9300853521368794,0.5555555555555556,0.625,-0.43945630396458113,-0.4386623962484089,0.5555555555555556,0.5555555555555556,0.5,15.415064977510763,0.3170672636074208,0.6523434519767761,0.14523531800098655
15,M0,1.3333333333333333,2.0,2.3333333333333335,2.6666666666666665,0.6666666666666666,0.0,0.23517334795965406,0.40832462743712916,0.2857142857142857,0.07692307692307693,-0.41272565263942185,-0.5917628265997548,0.21428571428571427,0.2857142857142857,0.07692307692307693,7.936503279089624,0.2482396795400608,0.6232784390449524,0.10488627242477
15,M1,2.0,2.6666666666666665,2.3333333333333335,2.6666666666666665,0.3333333333333333,0.0,-0.05460419385468851,0.22349883274834625,0.14285714285714285,0.0,-0.6931471805599453,-0.6931471805599453,0.14285714285714285,0.14285714285714285,0.0,3.071855691538747,0.10592997995529296,0.5366418361663818,0.045784518183970224
15,M2,3.0,3.0,2.6666666666666665,4.333333333333333,0.6666666666666666,1.0,0.3359950492567142,0.3817294671823773,0.35714285714285715,0.3846153846153846,-0.5637238148536077,-0.6505154477233107,0.35714285714285715,0.35714285714285715,0.07692307692307693,4.5841805422774735,0.26577317530909267,0.4865349531173706,0.03484587726584898
15,M3,1.6666666666666667,2.0,2.0,2.0,0.3333333333333333,0.0,-0.08038827326483011,0.2090439994678972,0.07142857142857142,0.0,-0.6931471805599453,-0.6931471805599454,0.07142857142857142,0.07142857142857142,0.0,2.2974228909810366,0.1441585282451844,0.41467997431755066,-0.025543819747265495
15,M4,3.0,3.0,3.0,5.0,1.0,1.0,0.13393674025692814,0.34754008513501855,0.21428571428571427,0.07692307692307693,-0.5167303170511501,-0.629542175727223,0.21428571428571427,0.21428571428571427,0.07692307692307693,4.753622060013117,0.2774751571525458,0.3995368480682373,0.006239155751245118
16,M0,1.3333333333333333,1.6666666666666667,2.0,2.0,0.6666666666666666,0.0,-0.04440728769168378,0.23049228866641958,0.05769230769230769,0.0196078431372549,-0.6370848794423151,-0.6552242668687529,0.05769230769230769,0.05769230769230769,0.0196078431372549,0.23056114883263745,0.08358937763745457,0.4416964650154114,-0.1452525115807175
16,M1,1.6666666666666667,2.0,1.6666666666666667,2.0,0.3333333333333333,0.0,0.021232724239627854,0.25334153821181893,0.17307692307692307,0.058823529411764705,-0.628769506337487,-0.6931471805599453,0.11538461538461538,0.17307692307692307,0.0,1.9935950051628903,0.1826114694456161,0.5477930903434753,0.13344833579529003
16,M2,2.3333333333333335,2.6666666666666665,2.3333333333333335,3.6666666666666665,0.6666666666666666,0.3333333333333333,-0.031345009131254375,0.2258355676967152,0.1346153846153846,0.0392156862745098,-0.6524185788002138,-0.6931471805599452,0.09615384615384616,0.11538461538461539,0.0,1.6267121026450075,0.1144120941231819,0.5572363138198853,0.10446010452551291
16,M3,2.0,1.3333333333333333,1.0,2.0,0.0,0.0,0.04772709167068967,0.2717248977630786,0.17307692307692307,0.058823529411764705,-0.5833518532754207,-0.6931471805599454,0.09615384615384615,0.17307692307692307,0.0,0.979947095866922,0.20706513224171108,0.5252188444137573,0.06505090106929623
16,M4,3.0,3.0,2.6666666666666665,4.666666666666667,1.0,1.0,0.12627885935997718,0.3274964847791625,0.21153846153846154,0.0588235294117647,-0.4896373182938096,-0.6724356924667607,0.17307692307692307,0.21153846153846154,0.0196078431372549,1.7132730293109752,0.24591120656235219,0.5427653789520264,0.0886392558523118
17,M0,1.6666666666666667,2.6666666666666665,3.0,3.3333333333333335,1.0,0.0,0.28034792760779503,0.37854354869116424,0.3,0.3333333333333333,-0.5767140492471123,-0.6230417985798145,0.3,0.3,0.1111111111111111,6.423094863383858,0.294100377112799,0.5572966933250427,0.18900962375319696
17,M1,2.3333333333333335,1.3333333333333333,2.6666666666666665,3.0,1.0,1.0,-0.01871656456765891,0.21172707754365028,0.10000000000000002,0.1111111111111111,-0.6931471805599453,-0.6931471805599453,0.10000000000000002,0.10000000000000002,0.0,3.2933284838220014,0.1200961869768277,0.4808202087879181,-0.019631301018551817
17,M2,2.0,1.6666666666666667,1.6666666666666667,2.6666666666666665,0.3333333333333333,1.0,0.03687147430628568,0.22792458251719871,0.4,0.1111111111111111,-0.6931471805599452,-0.6931471805599453,0.3,0.3,0.0,2.0752738657056446,0.21523295832804612,0.5319039225578308,0.010652763455921144
17,M3,2.0,1.0,2.3333333333333335,2.0,1.0,0.0,-0.10233404016258163,0.19606098167862218,0.0,0.0,-0.6931471805599453,-0.6931471805599453,0.0,0.0,0.0,1.0783469846969962,0.05360623781676413,0.44912752509117126,-0.05459381924628093
17,M4,3.0,3.0,3.0,5.0,1.0,1.0,-0.01871656456765891,0.21172707754365028,0.10000000000000002,0.1111111111111111,-0.6931471805599453,-0.6931471805599453,0.10000000000000002,0.10000000000000002,0.0,2.2731543567022867,0.13517414920472015,0.46902933716773987,-0.02438581860310518
18,M0,1.6666666666666667,1.6666666666666667,1.3333333333333333,2.3333333333333335,0.0,0.0,0.016987635722164995,0.2505268166736433,0.17142857142857143,0.058823529411764705,-0.6349306149035288,-0.6931471805599454,0.08571428571428572,0.17142857142857143,0.0,1.4572242901885124,0.17908451482487925,0.46979862451553345,-0.031474490279997935
18,M1,2.6666666666666665,2.3333333333333335,2.3333333333333335,3.0,1.0,0.0,0.399240030649068,0.5045721202500653,0.34285714285714286,0.29411764705882354,-0.42611105590981263,-0.5317309167698749,0.2857142857142857,0.34285714285714286,0.17647058823529413,12.44825228819973,0.34600078078196317,0.6822720170021057,0.3694856032364173
18,M2,1.6666666666666667,2.3333333333333335,2.6666666666666665,2.6666666666666665,1.0,0.0,0.24318507009086465,0.42700606823318477,0.2857142857142857,0.14705882352941177,-0.4876916737412278,-0.5640141695278891,0.22857142857142854,0.2857142857142857,0.14705882352941177,7.448772853514744,0.2307380803632085,0.5573675632476807,0.14172244903672104
18,M3,1.6666666666666667,2.0,1.3333333333333333,2.0,0.0,0.0,-0.006831045144757408,0.24883666372978752,0.11428571428571428,0.029411764705882353,-0.6116899770404824,-0.6931471805599454,0.08571428571428572,0.11428571428571428,0.0,1.2676157442377627,0.11142330563643069,0.538504421710968,0.012113587649697721
18,M4,3.0,3.0,2.6666666666666665,4.666666666666667,1.0,1.0,0.39255376149233734,0.524276671739466,0.37142857142857144,0.2647058823529412,-0.4155440652106433,-0.5197764713312325,0.2571428571428571,0.34285714285714286,0.20588235294117646,13.565378524126999,0.4077362502093686,0.6144248843193054,0.26484615676718837
19,M0,1.6666666666666667,1.0,1.3333333333333333,1.6666666666666667,0.6666666666666666,0.0,-0.10233404016258174,0.19606098167862218,0.0,0.0,-0.6931471805599454,-0.6931471805599452,0.0,0.0,0.0,1.755569903888416,0.1296204708925483,0.440022736787796,-0.040550668437577375
19,M1,1.0,1.3333333333333333,1.6666666666666667,1.0,0.0,0.0,-0.08944374815369893,0.20378019417692184,0.043478260869565216,0.0,-0.6931471805599454,-0.6931471805599452,0.043478260869565216,0.043478260869565216,0.0,1.3630842714584204,0.07475562259528219,0.4436172842979431,-0.13595134257378105
19,M2,1.6666666666666667,2.3333333333333335,2.3333333333333335,2.0,0.6666666666666666,0.0,-0.10233404016260661,0.19606098167862207,0.0,0.0,-0.6931471805599454,-0.6931471805599453,0.0,0.0,0.0,0.9362797910431625,0.07748143364012934,0.39517292380332947,-0.14316082128123053
19,M3,1.6666666666666667,1.6666666666666667,2.6666666666666665,1.6666666666666667,1.0,0.0,-0.05430774584232001,0.2103634228896516,0.08695652173913043,0.045454545454545456,-0.6931471805599454,-0.6931471805599453,0.08695652173913043,0.08695652173913043,0.0,2.2268611782835794,0.07641331425124577,0.458585649728775,0.003207421907163832
19,M4,3.0,3.0,3.0,5.0,1.0,1.0,-0.05430774584232001,0.2103634228896516,0.08695652173913045,0.045454545454545456,-0.6931471805599454,-0.6931471805599451,0.08695652173913045,0.08695652173913045,0.0,2.033435199928181,0.1971754966127215,0.4676731824874878,-0.05665362080088632
20,M0,1.6666666666666667,1.6666666666666667,1.6666666666666667,2.3333333333333335,0.3333333333333333,1.0,0.7028925274956275,0.8711925179397525,0.4583333333333333,0.43478260869565216,-0.365738470667669,-0.4010701032667021,0.375,0.5,0.43478260869565216,14.798464377473973,0.4297759898156245,0.6667748689651489,0.32125663296493234
20,M1,1.6666666666666667,1.3333333333333333,1.3333333333333333,2.0,0.3333333333333333,0.0,-0.10233404016262426,0.1960609816786364,0.0,0.0,-0.6931471805599452,-0.6931471805599453,0.0,0.0,0.0,1.2289522688764083,0.08242499668722496,0.4433993995189667,-0.07976617953812903
20,M2,1.0,1.3333333333333333,1.3333333333333333,1.3333333333333333,0.3333333333333333,0.0,-0.050907205029666835,0.19462244056603006,0.125,0.08695652173913043,-0.6931471805599452,-0.6931471805599453,0.041666666666666664,0.08333333333333333,0.0,1.5347409473007245,0.13960431233751694,0.4886113107204437,-0.02826399686868797
20,M3,1.0,1.3333333333333333,1.0,1.3333333333333333,0.0,0.3333333333333333,0.35128683556991747,0.5072326113570835,0.3333333333333333,0.2608695652173913,-0.4837528245551051,-0.4935703760877014,0.3333333333333333,0.3333333333333333,0.21739130434782608,18.065932678978808,0.2869046276309011,0.6278669238090515,0.20993578897435639
20,M4,2.6666666666666665,2.6666666666666665,2.6666666666666665,4.333333333333333,1.0,1.0,0.9253408307535813,0.9413811897654776,0.625,0.6086956521739131,-0.27208597926865385,-0.43488115849583286,0.5416666666666666,0.6666666666666666,0.391304347826087,26.49268590278449,0.4932795118109206,0.700464129447937,0.4609396947432657
21,M0,2.3333333333333335,2.6666666666666665,2.0,4.0,1.0,1.0,0.32522151756767603,0.4683113465469462,0.43750000000000006,0.13333333333333333,-0.4871573764346747,-0.6931471805599452,0.43750000000000006,0.43750000000000006,0.13333333333333333,9.092617426809149,0.30946938678722435,0.580915629863739,0.17085757394267476
21,M1,2.3333333333333335,3.0,3.0,4.0,1.0,1.0,0.12025869076286289,0.33283880520291353,0.3125,0.06666666666666667,-0.5298961622336813,-0.6931471805599452,0.25,0.25,0.06666666666666667,4.34373789135831,0.25415774176043543,0.5135985016822815,0.09398864132016937
21,M2,2.3333333333333335,2.3333333333333335,2.0,3.6666666666666665,0.6666666666666666,1.0,0.5187662595472641,0.6275065925277257,0.5625,0.26666666666666666,-0.4766066867751756,-0.6413024992375069,0.5625,0.5625,0.26666666666666666,8.415986258156725,0.32895921260266064,0.6103233098983765,0.20569805284712095
21,M3,1.3333333333333333,1.3333333333333333,1.6666666666666667,1.3333333333333333,0.3333333333333333,0.0,-0.08334551632887832,0.20733758476266018,0.0625,0.0,-0.6931471805599453,-0.6931471805599452,0.0625,0.0625,0.0,2.732111648124769,0.1517174823068179,0.42953094840049744,-0.02013195288654024
21,M4,3.0,3.0,3.0,5.0,1.0,1.0,0.2081824474284768,0.30987679855186334,0.4375,0.20000000000000004,-0.6524038049634884,-0.693147180559945,0.3125,0.4375,0.0,0.9365287430244092,0.21640492007900608,0.48952004313468933,-0.03242775619337124
22,M0,1.0,1.0,2.0,1.3333333333333333,0.6666666666666666,0.0,0.0008350516227703109,0.26815820502548504,0.08333333333333333,0.0,-0.5890739724278828,-0.6931471805599453,0.05555555555555556,0.11111111111111112,0.0,0.6982777050011162,0.09110297096361546,0.3838789463043213,-0.14826706450253924
22,M1,3.0,2.0,2.3333333333333335,3.6666666666666665,1.0,1.0,0.822563438512098,0.9251002929679029,0.5555555555555556,0.45714285714285713,-0.21363551927110974,-0.36398482238444574,0.5277777777777778,0.5555555555555556,0.4,36.924765406555196,0.5312615981315935,0.7594485282897949,0.47768717136368144
22,M2,1.3333333333333333,1.3333333333333333,1.0,1.3333333333333333,0.0,0.3333333333333333,0.3746440672811545,0.43428037389032803,0.3888888888888889,0.22857142857142856,-0.39954595463405373,-0.6414849530577562,0.2222222222222222,0.3888888888888889,0.05714285714285714,3.6685814675716255,0.28089131828593605,0.5563331246376038,0.16955324793128668
22,M3,1.0,1.0,1.3333333333333333,1.0,0.0,0.0,-0.07323176554455313,0.20077253111442606,0.1111111111111111,0.02857142857142857,-0.6931471805599452,-0.6931471805599452,0.05555555555555555,0.08333333333333333,0.0,1.1710985946741825,0.1374283356127105,0.4027350842952728,-0.06295924328721725
22,M4,3.0,3.0,3.0,5.0,1.0,1.0,0.6452673376376249,0.6849977491228854,0.5,0.4,-0.3575681322220239,-0.5341325919566058,0.4444444444444444,0.5277777777777778,0.2571428571428571,20.73571092937875,0.4229718377673179,0.6702721118927002,0.31150806114343266
23,M0,2.6666666666666665,2.3333333333333335,2.6666666666666665,3.3333333333333335,1.0,0.6666666666666666,0.5602829378227568,0.6457820497996334,0.47368421052631576,0.2777777777777778,-0.30989618766311317,-0.4275718065097619,0.3684210526315789,0.47368421052631576,0.22222222222222224,19.78560003294961,0.4402069006543695,0.608885645866394,0.27211193824561597
23,M1,2.0,1.3333333333333333,1.0,1.3333333333333333,0.0,0.0,0.47118749221369294,0.6024885026112318,0.42105263157894735,0.3333333333333333,-0.4010701032667022,-0.5329255057698656,0.3684210526315789,0.3684210526315789,0.2777777777777778,19.38341802345665,0.41329643429985347,0.6210854053497314,0.23225687620204438
23,M2,2.6666666666666665,2.3333333333333335,2.0,3.0,0.3333333333333333,1.0,0.31389269009838394,0.461711330975059,0.3157894736842105,0.2222222222222222,-0.47408937259001305,-0.5725362777710638,0.3157894736842105,0.3157894736842105,0.16666666666666666,5.957342613898561,0.2170836720497004,0.5929573774337769,0.14357465680389958
23,M3,1.6666666666666667,2.3333333333333335,2.6666666666666665,3.0,0.6666666666666666,0.0,0.02571852937293706,0.23583191301770645,0.21052631578947367,0.1111111111111111,-0.6931471805599452,-0.6931471805599454,0.15789473684210525,0.21052631578947367,0.0,2.58939299545004,0.16311759054975297,0.49196478724479675,0.09449109281672763
23,M4,3.0,3.0,3.0,5.0,1.0,1.0,0.5732070861889527,0.7189110462472633,0.42105263157894735,0.3333333333333333,-0.345602325149042,-0.4712411013644448,0.42105263157894735,0.42105263157894735,0.3333333333333333,24.541477162212,0.44829926211966603,0.602448046207428,0.2981098157801634
24,M0,2.0,1.6666666666666667,2.3333333333333335,2.6666666666666665,0.6666666666666666,0.3333333333333333,0.3371973295186519,0.43596167710359524,0.30434782608695654,0.22727272727272727,-0.39561535387245084,-0.5904194271505865,0.30434782608695654,0.30434782608695654,0.09090909090909091,6.6594450521589605,0.36566106285652483,0.6004419326782227,0.18404147663800063
24,M1,1.3333333333333333,1.6666666666666667,2.3333333333333335,2.0,0.6666666666666666,0.0,0.02052851125043087,0.24489458198131397,0.13043478260869565,0.09090909090909091,-0.6260553670419009,-0.6931471805599452,0.13043478260869565,0.13043478260869565,0.0,1.526608193588886,0.18178032140685532,0.48614150285720825,0.04931662976629869
24,M2,1.6666666666666667,1.3333333333333333,2.6666666666666665,2.3333333333333335,0.3333333333333333,0.0,0.47849575520430765,0.6108676873739665,0.391304347826087,0.22727272727272724,-0.32300969342754277,-0.4602809179342793,0.391304347826087,0.391304347826087,0.22727272727272724,19.276797083821666,0.4230316248504225,0.6378941535949707,0.2156301172764753
24,M3,2.3333333333333335,1.3333333333333333,2.3333333333333335,3.0,0.6666666666666666,1.0,0.277084733400056,0.3876262232995149,0.30434782608695654,0.18181818181818182,-0.4332169878499658,-0.6374710604095903,0.2608695652173913,0.30434782608695654,0.045454545454545456,4.530434346684447,0.3618268798817634,0.6366702914237976,0.15358752506456952
24,M4,3.0,3.0,3.0,4.666666666666667,1.0,1.0,0.2798210584974036,0.3861278965209122,0.30434782608695654,0.2727272727272727,-0.5250684811216977,-0.6567754577560343,0.21739130434782608,0.30434782608695654,0.09090909090909091,4.609815356235175,0.28682317130828205,0.5555927157402039,0.09785766704172705
25,M0,1.6666666666666667,1.3333333333333333,2.0,2.3333333333333335,0.3333333333333333,0.6666666666666666,0.03405884188734498,0.23853474482447612,0.2222222222222222,0.11764705882352941,-0.6931471805599452,-0.6931471805599452,0.16666666666666666,0.2222222222222222,0.0,1.696134390396339,0.20215667166597062,0.48614346981048584,0.03091098387792446
25,M1,1.0,1.0,1.6666666666666667,1.3333333333333333,0.3333333333333333,0.0,0.03405884188734509,0.23853474482447612,0.2222222222222222,0.11764705882352941,-0.6931471805599453,-0.6931471805599453,0.16666666666666666,0.2222222222222222,0.0,2.571013894117821,0.17561404720721432,0.47414159774780273,0.06389420153762726
25,M2,1.3333333333333333,1.3333333333333333,1.3333333333333333,1.0,0.0,0.0,0.12217105856574495,0.32003914826355084,0.2777777777777778,0.11764705882352941,-0.6931471805599453,-0.6931471805599453,0.2222222222222222,0.3333333333333333,0.058823529411764705,2.0752738657056446,0.25567985028757656,0.49210190773010254,0.05697748616473719
25,M3,1.6666666666666667,2.3333333333333335,2.3333333333333335,2.0,0.6666666666666666,0.0,-0.03940205912004857,0.21486586150887166,0.11111111111111112,0.058823529411764705,-0.6931471805599453,-0.6931471805599453,0.11111111111111112,0.11111111111111112,0.0,2.266870701656303,0.15845188337306604,0.4916938543319702,0.05710465733326486
25,M4,2.6666666666666665,2.6666666666666665,2.6666666666666665,4.0,1.0,1.0,0.04112033472669696,0.29188433830795724,0.16666666666666666,0.058823529411764705,-0.6931471805599452,-0.6931471805599453,0.1111111111111111,0.2222222222222222,0.058823529411764705,1.3705063051209185,0.20405971889427135,0.4506060779094696,-0.07051346652774759
26,M0,1.3333333333333333,2.3333333333333335,1.3333333333333333,2.0,0.0,0.3333333333333333,0.20261498362097707,0.3105323672502138,0.375,0.20000000000000004,-0.6065037829899521,-0.6931471805599454,0.25,0.375,0.0,3.3613183938332405,0.16651967919796162,0.48085662722587585,0.02022674648540601
26,M1,2.3333333333333335,3.0,3.0,4.0,1.0,0.0,-0.005501918984688436,0.23114148362926057,0.1875,0.06666666666666667,-0.6931471805599453,-0.6931471805599454,0.1875,0.1875,0.0,2.480447707504303,0.11655093949138996,0.5237491726875305,-0.021759355290609017
26,M2,2.3333333333333335,3.0,3.0,4.0,1.0,0.0,0.05202052698088855,0.26108063592447683,0.3125,0.06666666666666667,-0.6931471805599453,-0.6931471805599454,0.1875,0.3125,0.0,3.104147203142849,0.14318302070893446,0.5315479636192322,-0.0028715544761255263
26,M3,2.3333333333333335,3.0,2.3333333333333335,3.3333333333333335,1.0,0.0,0.02058511633591098,0.2628744731731558,0.3125,0.0,-0.6931471805599453,-0.6931471805599454,0.125,0.3125,0.0,3.104147203142849,0.15531046226006795,0.5131531357765198,0.013998540715001173
26,M4,3.0,3.0,3.0,5.0,1.0,1.0,0.5853099648084982,0.5994064050822935,0.5625,0.4,-0.4356364836701124,-0.5608345329283488,0.5625,0.5625,0.2,6.370405230161802,0.3786561652559774,0.6745336055755615,0.2879129766897863
27,M0,2.3333333333333335,3.0,2.6666666666666665,3.6666666666666665,1.0,0.0,-0.10233404016262426,0.1960609816786364,0.0,0.0,-0.6931471805599452,-0.6931471805599453,0.0,0.0,0.0,1.2227969686201814,0.13078845470270475,0.49590444564819336,0.0013001037808292315
27,M1,2.6666666666666665,3.0,2.6666666666666665,4.666666666666667,1.0,1.0,0.5747845031457182,0.6907045663557984,0.45454545454545453,0.3,-0.45773026155963603,-0.5988257251602955,0.36363636363636365,0.5454545454545454,0.3,4.906081629292277,0.3732921836239452,0.6271733045578003,0.15741575386874918
27,M2,2.3333333333333335,3.0,2.6666666666666665,3.3333333333333335,1.0,0.0,-0.10233404016262426,0.1960609816786364,0.0,0.0,-0.6931471805599452,-0.6931471805599453,0.0,0.0,0.0,1.7081056798999892,0.095605759457213,0.5054201483726501,0.019659025171313682
27,M3,1.6666666666666667,2.3333333333333335,1.0,2.0,0.0,0.0,-0.00471111024785964,0.2556409453216023,0.18181818181818182,0.0,-0.6322761972153745,-0.6931471805599453,0.18181818181818182,0.18181818181818182,0.0,1.2557690800697192,0.22913957786142616,0.4790889620780945,0.040167997979473014
27,M4,2.6666666666666665,3.0,2.6666666666666665,4.333333333333333,1.0,1.0,1.2147076104654655,1.4710072556293592,0.8181818181818182,0.8,-0.2999811830181566,-0.36302208666117175,0.8181818181818182,0.909090909090909,0.8,23.386786214190362,0.678005065190937,0.6936953067779541,0.24220922236933495
28,M0,2.6666666666666665,3.0,3.0,4.0,1.0,0.0,0.37071026842470456,0.5169720058171805,0.4375,0.2,-0.4951051289713895,-0.5725362777710638,0.375,0.4375,0.2,14.518776736981415,0.2810343529074736,0.6340451240539551,0.3049389471627586
28,M1,2.6666666666666665,2.3333333333333335,2.0,3.3333333333333335,0.3333333333333333,1.0,0.34896638033933536,0.4877067678277297,0.375,0.26666666666666666,-0.5259282081626516,-0.6023998869747647,0.3125,0.375,0.2,9.717943863285956,0.3464163289426202,0.6103891730308533,0.19374048963555524
28,M2,2.3333333333333335,2.3333333333333335,2.3333333333333335,3.0,0.6666666666666666,0.3333333333333333,0.07188530054296605,0.30238618665833705,0.3125,0.06666666666666667,-0.6931471805599452,-0.6931471805599454,0.25,0.3125,0.06666666666666667,5.401157445454033,0.21021260427795202,0.489393025636673,0.11300982808457971
28,M3,1.6666666666666667,2.0,1.6666666666666667,2.3333333333333335,0.0,0.6666666666666666,0.39025149621458644,0.47838267115843525,0.375,0.26666666666666666,-0.5157025840783729,-0.6607913391333609,0.375,0.4375,0.13333333333333333,3.4685359634176627,0.30869528042063454,0.49367907643318176,0.031722895950825225
28,M4,3.0,3.0,3.0,5.0,1.0,1.0,-0.009243625376821996,0.247619339073331,0.25,0.0,-0.6931471805599452,-0.6931471805599454,0.25,0.25,0.0,1.205256842736819,0.20071840851214542,0.42630234360694885,-0.09663296843105296
29,M0,2.0,1.0,2.3333333333333335,2.6666666666666665,0.6666666666666666,0.6666666666666666,0.059719888674352406,0.272653077719469,0.1875,0.0967741935483871,-0.6139123319944458,-0.644467667677738,0.15625,0.1875,0.03225806451612903,2.5147174536860994,0.12557228121955336,0.5520439147949219,0.03708271297971355
29,M1,2.0,1.0,1.3333333333333333,2.0,0.3333333333333333,0.6666666666666666,0.07400019875690289,0.28021816730452265,0.21874999999999997,0.0967741935483871,-0.6139123319944458,-0.644467667677738,0.15625,0.21874999999999997,0.03225806451612903,2.8314292077539185,0.13274156844602497,0.5355995893478394,0.013558393967013305
29,M2,2.3333333333333335,2.0,2.0,2.3333333333333335,0.3333333333333333,0.6666666666666666,0.10416440276934846,0.2952192799380088,0.3125,0.0967741935483871,-0.6420675963642744,-0.6611262879813007,0.21875,0.3125,0.03225806451612903,3.419816740540656,0.2060978153324712,0.5510505437850952,0.048822764682030395
29,M3,2.6666666666666665,2.3333333333333335,3.0,4.0,1.0,0.6666666666666666,-0.02269380270843413,0.23788732651420463,0.09375,0.03225806451612903,-0.6284354977067765,-0.6931471805599453,0.0625,0.09375,0.0,1.618678069844116,0.13461083584071107,0.49570730328559875,-0.029170184009039035
29,M4,3.0,3.0,3.0,5.0,1.0,1.0,0.11037809446724456,0.2869471338295888,0.21874999999999997,0.12903225806451613,-0.6116418796165952,-0.6931471805599456,0.15625,0.25,0.0,1.3072157844994778,0.21426254793198848,0.4606418311595917,-0.028801078234490518
30,M0,1.3333333333333333,1.0,1.6666666666666667,1.3333333333333333,0.0,0.6666666666666666,-0.07635195413052243,0.21135493950259665,0.08333333333333333,0.0,-0.6931471805599453,-0.6931471805599454,0.08333333333333333,0.08333333333333333,0.0,2.1476912089159055,0.16609313977946227,0.3618044853210449,-0.10267925492126184
30,M1,1.0,1.0,1.6666666666666667,1.0,0.0,0.6666666666666666,0.02103965057787316,0.27482986153463773,0.16666666666666666,0.0,-0.5767140492471123,-0.6931471805599453,0.16666666666666666,0.16666666666666666,0.0,3.1251907639724417,0.17572399067790312,0.42851072549819946,-0.06361148957071716
30,M2,1.6666666666666667,1.3333333333333333,1.6666666666666667,1.3333333333333333,0.3333333333333333,0.6666666666666666,0.046420685742984524,0.28448960689260794,0.25,0.0,-0.5976700553157234,-0.6931471805599453,0.16666666666666666,0.25,0.0,2.6643211213888947,0.21088453598133802,0.4382931590080261,-0.0520396858141392
30,M3,1.3333333333333333,1.0,2.0,1.6666666666666667,0.6666666666666666,0.6666666666666666,0.10022403507493904,0.2667285332688525,0.16666666666666666,0.18181818181818182,-0.5917628265997548,-0.6931471805599452,0.16666666666666666,0.16666666666666666,0.0,3.377156414337854,0.1806965933214365,0.48372605443000793,-0.029394143681868545
30,M4,2.3333333333333335,2.3333333333333335,2.3333333333333335,4.0,0.6666666666666666,1.0,0.06910275010163047,0.2686573786808477,0.25,0.09090909090909091,-0.6325359937304398,-0.6931471805599454,0.25,0.25,0.0,1.2350387043213578,0.2022738796969074,0.41738301515579224,-0.12659640053896437
31,M0,1.6666666666666667,2.6666666666666665,2.3333333333333335,3.0,1.0,1.0,0.2095446527910586,0.3171594134070901,0.5,0.14285714285714285,-0.49396565002230775,-0.6931471805599453,0.25,0.375,0.0,4.065425428798724,0.21124120670117097,0.5256709456443787,0.16208725793497525
31,M1,2.0,2.6666666666666665,2.0,2.3333333333333335,0.3333333333333333,1.0,0.059002320276218545,0.24519162486821666,0.25,0.14285714285714285,-0.6931471805599453,-0.6931471805599452,0.25,0.25,0.0,3.4585921141027356,0.1604421463257205,0.49766334891319275,0.06590894151734805
31,M2,1.3333333333333333,2.3333333333333335,2.3333333333333335,2.3333333333333335,1.0,1.0,-0.06139845705501423,0.21975524848692618,0.125,0.0,-0.6931471805599453,-0.6931471805599453,0.125,0.125,0.0,3.5275023606301383,0.06804542761089345,0.5059226751327515,0.07812687219654313
31,M3,2.0,3.0,2.6666666666666665,3.3333333333333335,1.0,0.6666666666666666,0.5117794743226323,0.533679013594726,0.625,0.2857142857142857,-0.49396565002230775,-0.6931471805599453,0.375,0.625,0.14285714285714285,9.993744303650718,0.31552899191889344,0.5355859398841858,0.1856805044367985
31,M4,3.0,3.0,3.0,5.0,1.0,1.0,0.052470391375897596,0.3012652391678098,0.125,0.0,-0.49396565002230775,-0.6931471805599453,0.125,0.125,0.0,8.449917822620138,0.2441131662016387,0.5869107246398926,0.14595821751883065
32,M0,2.0,2.0,2.3333333333333335,3.0,0.3333333333333333,0.6666666666666666,0.29472527697103623,0.4817432960164081,0.26666666666666666,0.21428571428571427,-0.4795182808398392,-0.5545177444479562,0.26666666666666666,0.26666666666666666,0.21428571428571427,9.043565779655339,0.3277787016206667,0.5904154777526855,0.1884322007560979
32,M1,1.0,1.3333333333333333,2.0,1.3333333333333333,0.0,0.0,-0.10233404016262426,0.1960609816786364,0.0,0.0,-0.6931471805599452,-0.6931471805599453,0.0,0.0,0.0,2.302876686963141,0.11863464205043778,0.3960370719432831,-0.06430127006609432
32,M2,2.3333333333333335,2.0,2.3333333333333335,3.0,1.0,0.6666666666666666,0.5560231361932183,0.6696513683153097,0.4,0.35714285714285715,-0.3438477866214463,-0.4612976484583487,0.4,0.4,0.2857142857142857,31.40228119437427,0.3991070430558853,0.6350322365760803,0.304850985985998
32,M3,1.6666666666666667,1.6666666666666667,2.6666666666666665,2.6666666666666665,0.3333333333333333,0.3333333333333333,-0.08197296639832674,0.20813103150199908,0.06666666666666667,0.0,-0.6931471805599452,-0.6931471805599453,0.06666666666666667,0.06666666666666667,0.0,2.458476536482737,0.12278340479297309,0.4821763336658478,0.13758933228043657
32,M4,3.0,3.0,3.0,5.0,1.0,1.0,0.40009772445228164,0.5442101425073469,0.4,0.21428571428571427,-0.43747451923180686,-0.5884582534821762,0.3333333333333333,0.4,0.21428571428571427,7.066026049079721,0.373331151609763,0.5945321321487427,0.21641325128705824
33,M0,2.6666666666666665,2.3333333333333335,2.0,3.6666666666666665,0.6666666666666666,1.0,1.087055623078457,1.3013324665383381,0.7692307692307693,0.6666666666666666,-0.24144799906522166,-0.31533778216648856,0.7692307692307693,0.7692307692307693,0.6666666666666666,33.8796999974464,0.7387011940033453,0.6809976696968079,0.30580192707951015
33,M1,1.6666666666666667,2.0,2.6666666666666665,2.0,0.6666666666666666,0.0,0.08634855801615104,0.2916668336748883,0.23076923076923075,0.16666666666666666,-0.6931471805599452,-0.6931471805599453,0.23076923076923075,0.23076923076923075,0.08333333333333333,5.061867434834413,0.18151920949938358,0.5018507242202759,0.08084329557837655
33,M2,1.6666666666666667,1.6666666666666667,2.0,2.0,0.0,0.3333333333333333,0.1444689163883771,0.29584906603190886,0.23076923076923078,0.16666666666666666,-0.5545177444479562,-0.6931471805599453,0.23076923076923078,0.23076923076923078,0.0,2.8265205879007453,0.27993693087085925,0.4933622181415558,0.015144940521293893
33,M3,1.6666666666666667,2.0,2.3333333333333335,2.3333333333333335,1.0,0.0,-0.04010697155484444,0.20747888207445853,0.07692307692307693,0.08333333333333333,-0.6931471805599453,-0.6931471805599453,0.07692307692307693,0.07692307692307693,0.0,1.727223799216787,0.17303569893469656,0.38884133100509644,-0.12525391717318235
33,M4,3.0,3.0,3.0,5.0,1.0,1.0,0.8723144490333412,1.008397457922657,0.6923076923076923,0.5,-0.3420637258032927,-0.43896450877457066,0.6923076923076923,0.6923076923076923,0.5,19.80485471485131,0.5974654322676712,0.6896447539329529,0.32580471100892683
34,M0,3.0,3.0,2.3333333333333335,4.0,1.0,0.0,0.03299992720610179,0.27008974594738466,0.13043478260869565,0.045454545454545456,-0.5668288201725579,-0.6931471805599453,0.13043478260869565,0.13043478260869565,0.0,3.654544397317887,0.23732185445768228,0.5160272717475891,0.10023508663373337
34,M1,2.0,1.3333333333333333,2.3333333333333335,2.6666666666666665,0.3333333333333333,0.0,-0.013324198831993539,0.26110823432091734,0.043478260869565216,0.0,-0.5529364165996835,-0.6931471805599453,0.043478260869565216,0.043478260869565216,0.0,0.9115998647481185,0.08499253856997235,0.440557599067688,-0.037575240657477194
34,M2,2.3333333333333335,3.0,3.0,3.6666666666666665,1.0,0.0,-0.08944374815369893,0.20378019417697157,0.043478260869565216,0.0,-0.6931471805599454,-0.6931471805599453,0.043478260869565216,0.043478260869565216,0.0,0.8751301502004946,0.07263227727528157,0.4696246087551117,0.01268765659152249
34,M3,3.0,2.6666666666666665,2.6666666666666665,4.0,1.0,1.0,0.026313695403774595,0.28201320023690013,0.13043478260869565,0.0,-0.5417795686118541,-0.6931471805599454,0.08695652173913043,0.13043478260869565,0.0,3.1937845256964716,0.1903293294377746,0.4459402561187744,-0.02858329449903696
34,M4,3.0,3.0,3.0,5.0,1.0,1.0,0.068358326507163,0.2864105469139293,0.21739130434782608,0.045454545454545456,-0.5714658849407916,-0.6931471805599452,0.13043478260869565,0.21739130434782608,0.0,1.6677796333413761,0.286285706438063,0.5161017775535583,0.05411787930567591
35,M0,2.0,2.3333333333333335,2.6666666666666665,3.3333333333333335,1.0,0.0,0.15217709016331815,0.3120291665689281,0.17857142857142858,0.18518518518518517,-0.5767140492471122,-0.6554871031495166,0.14285714285714285,0.21428571428571427,0.037037037037037035,3.1969716317678034,0.23758094946578207,0.4639936685562134,0.05138175939532208
35,M1,1.3333333333333333,2.3333333333333335,1.3333333333333333,2.0,0.0,0.0,0.015926673893633114,0.246628536033887,0.14285714285714285,0.07407407407407407,-0.628769506337487,-0.6931471805599452,0.07142857142857142,0.14285714285714285,0.0,1.5054467888655148,0.15861720903990353,0.44898176193237305,0.008143651078290182
35,M2,1.3333333333333333,1.3333333333333333,1.6666666666666667,1.6666666666666667,0.3333333333333333,0.0,-0.08038827326483011,0.2090439994679688,0.07142857142857142,0.0,-0.6931471805599452,-0.6931471805599451,0.07142857142857142,0.07142857142857142,0.0,1.0994676260836458,0.08056289624046739,0.45013174414634705,-0.06253182907078858
35,M3,1.0,1.3333333333333333,1.0,1.0,0.0,0.0,0.1734120514529267,0.34547602024013446,0.25,0.14814814814814814,-0.5352938864191443,-0.6110510558598056,0.21428571428571427,0.25,0.07407407407407407,4.147851129437065,0.27483713215031796,0.5072612762451172,0.10009622956683573
35,M4,2.6666666666666665,2.6666666666666665,2.6666666666666665,4.333333333333333,1.0,1.0,0.5713170194603172,0.6572014922086946,0.46428571428571436,0.3333333333333333,-0.3969202139839333,-0.5140917057812404,0.42857142857142855,0.5,0.25925925925925924,15.955011685514068,0.4248662694926459,0.6464449763298035,0.27716859290732376
36,M0,2.3333333333333335,2.0,1.3333333333333333,2.0,0.0,0.0,0.05854618927300992,0.2983872011014337,0.16666666666666666,0.024390243902439025,-0.5715653762514278,-0.6649610970894821,0.09523809523809523,0.19047619047619047,0.024390243902439025,2.4796129419618973,0.22160354506018368,0.46367213129997253,-0.02552941978329981
36,M1,1.0,2.0,1.6666666666666667,2.0,0.0,0.0,0.013273336810453618,0.2599485358509207,0.07142857142857142,0.048780487804878044,-0.5637238148536077,-0.6931471805599452,0.047619047619047616,0.07142857142857142,0.0,0.7827789463383957,0.11131487197282383,0.45355772972106934,-0.08505257525629384
36,M2,2.6666666666666665,2.3333333333333335,2.6666666666666665,3.3333333333333335,1.0,0.0,0.057995399705498496,0.2904469381788053,0.14285714285714285,0.04878048780487805,-0.5426031977386089,-0.6577341708413531,0.09523809523809523,0.14285714285714285,0.024390243902439025,1.614677173790587,0.15473512371202097,0.48772159218788147,-0.005462844965501867
36,M3,2.3333333333333335,1.6666666666666667,1.3333333333333333,2.0,0.3333333333333333,0.0,0.055540335428163945,0.2702751146288821,0.19047619047619047,0.07317073170731707,-0.5637238148536077,-0.6931471805599452,0.09523809523809523,0.16666666666666666,0.0,1.4458203203556579,0.18197764161708893,0.46547532081604004,-0.07701525749522009
36,M4,2.6666666666666665,3.0,2.6666666666666665,4.0,1.0,1.0,0.4852990263332474,0.5668646386817474,0.38095238095238093,0.3170731707317074,-0.38845051393497265,-0.515905910773138,0.3333333333333333,0.40476190476190477,0.1951219512195122,13.72162479298786,0.383919547797336,0.6380571722984314,0.25603871370559106
37,M0,1.6666666666666667,1.0,1.3333333333333333,2.6666666666666665,0.6666666666666666,1.0,0.31189375496431015,0.45890367760299966,0.37037037037037035,0.11538461538461538,-0.4173334682385604,-0.5916941874470706,0.3333333333333333,0.37037037037037035,0.11538461538461538,5.412859021587569,0.3535810251269555,0.5523326992988586,0.10711568080019507
37,M1,1.6666666666666667,1.3333333333333333,1.3333333333333333,2.0,0.6666666666666666,0.6666666666666666,0.18740827103387092,0.36888631440697306,0.25925925925925924,0.11538461538461539,-0.5000141578925705,-0.6490429646827465,0.18518518518518517,0.25925925925925924,0.07692307692307693,2.5719671900137366,0.27200793179571575,0.5390524864196777,0.04390796490273019
37,M2,1.0,1.3333333333333333,1.6666666666666667,1.3333333333333333,0.3333333333333333,0.0,0.2396540504278587,0.40251712160859965,0.25925925925925924,0.11538461538461539,-0.4148828044725904,-0.6080480943664297,0.25925925925925924,0.25925925925925924,0.07692307692307693,4.00203576200434,0.25843299816238186,0.5080990195274353,0.029547106959285085
37,M3,1.6666666666666667,1.0,1.0,1.3333333333333333,0.0,0.6666666666666666,0.27965865241446275,0.4238949780859267,0.25925925925925924,0.19230769230769232,-0.42842160613892477,-0.560834532928349,0.2222222222222222,0.25925925925925924,0.11538461538461538,14.019036606799663,0.3657245185573936,0.5762275457382202,0.04465011117613793
37,M4,3.0,3.0,3.0,5.0,1.0,1.0,0.3075100814742958,0.47665368263288366,0.37037037037037035,0.19230769230769232,-0.523690069682528,-0.6062475576924087,0.25925925925925924,0.37037037037037035,0.19230769230769232,9.355354725833847,0.363118579855837,0.5391578078269958,0.06435776306004826
38,M0,1.6666666666666667,2.3333333333333335,1.3333333333333333,2.3333333333333335,0.3333333333333333,0.0,0.3022589912164496,0.4585339355765742,0.2777777777777778,0.23529411764705882,-0.47181551295653834,-0.5274562534651634,0.2777777777777778,0.2777777777777778,0.17647058823529413,5.613782358458971,0.300758438058023,0.5252578854560852,0.14512017451259152
38,M1,2.6666666666666665,2.3333333333333335,1.3333333333333333,2.3333333333333335,0.0,0.3333333333333333,0.5770049503227929,0.6018477606033593,0.5555555555555556,0.29411764705882354,-0.3535701506478393,-0.5706353215437678,0.4444444444444444,0.5555555555555556,0.17647058823529413,5.250307109942528,0.3547716064266482,0.5459533333778381,0.19325319572203714
38,M2,1.3333333333333333,1.6666666666666667,1.6666666666666667,1.3333333333333333,0.0,0.0,0.5871812572448419,0.6938218316377252,0.5,0.35294117647058826,-0.38740794697656133,-0.4356585628760685,0.2222222222222222,0.5,0.29411764705882354,10.864991539917154,0.3769570511118702,0.6080470681190491,0.2833822117451107
38,M3,2.3333333333333335,3.0,3.0,3.3333333333333335,1.0,0.0,0.14462796803733935,0.3119153220985623,0.2222222222222222,0.17647058823529413,-0.5754977128124306,-0.6178214340879697,0.16666666666666666,0.2222222222222222,0.058823529411764705,5.431360807863856,0.22933307623759422,0.559487521648407,0.15730614719436586
38,M4,3.0,3.0,3.0,5.0,1.0,1.0,0.43490037875635923,0.4684464239564431,0.4444444444444444,0.35294117647058826,-0.480975791128341,-0.616933537122516,0.16666666666666666,0.4444444444444444,0.11764705882352941,3.770678435743331,0.3601748327339944,0.535275936126709,0.09979077788428914
39,M0,2.6666666666666665,3.0,2.6666666666666665,4.333333333333333,1.0,1.0,0.3661451061880454,0.4858491117823296,0.3125,0.2,-0.4398056517670504,-0.5690785107342631,0.3125,0.375,0.13333333333333333,4.141141330484801,0.3870907403023167,0.6236564517021179,0.22248871093669753
39,M1,2.6666666666666665,2.6666666666666665,2.0,3.3333333333333335,0.6666666666666666,1.0,0.33815075432977615,0.4672139368972501,0.3125,0.2,-0.48462026731340335,-0.6030507273552078,0.25,0.375,0.13333333333333333,6.384875295507791,0.3657919245239782,0.5789824724197388,0.13098574227672033
39,M2,1.6666666666666667,2.3333333333333335,1.0,2.0,0.0,0.0,0.02132541270406585,0.2678485296426486,0.25,0.0,-0.6401043332020442,-0.6931471805599452,0.1875,0.25,0.0,1.7035962947530545,0.28192796871192105,0.5246785283088684,-0.03799229173499152
39,M3,2.3333333333333335,2.0,1.6666666666666667,2.6666666666666665,0.6666666666666666,0.6666666666666666,0.16721240913146074,0.31982608470526563,0.25,0.13333333333333333,-0.5061994952795963,-0.6931471805599452,0.1875,0.25,0.0,2.8049136322597743,0.31283836465229947,0.5963101387023926,0.16941883914730904
39,M4,2.6666666666666665,3.0,2.6666666666666665,4.666666666666667,1.0,1.0,0.5458225510031124,0.5656939451954209,0.5,0.26666666666666666,-0.3080654135821979,-0.5865091527814922,0.4375,0.5,0.13333333333333333,9.364337313929381,0.49608569211088854,0.7023725509643555,0.3327348360912181
40,M0,1.6666666666666667,2.0,2.0,2.3333333333333335,0.3333333333333333,0.3333333333333333,0.042251900976012724,0.2568062689276548,0.18181818181818182,0.14285714285714285,-0.6931471805599453,-0.6931471805599454,0.13636363636363635,0.18181818181818182,0.047619047619047616,4.14428464062764,0.17240917038866163,0.4311564564704895,-0.12705668850237828
40,M1,2.0,2.3333333333333335,2.3333333333333335,3.0,0.3333333333333333,1.0,0.8439294198617325,0.9777873362017988,0.6363636363636364,0.5238095238095238,-0.33858421223428503,-0.3925474377476711,0.6363636363636364,0.6363636363636364,0.47619047619047616,36.26305461419686,0.6538521714916361,0.6913021206855774,0.37406382308924846
40,M2,1.0,1.3333333333333333,1.0,1.0,0.0,0.0,-0.10233404016258163,0.19606098167862218,0.0,0.0,-0.6931471805599453,-0.6931471805599453,0.0,0.0,0.0,1.2589193610827865,0.09752659857855298,0.4221826493740082,-0.14623693636587531
40,M3,2.0,2.0,2.3333333333333335,2.3333333333333335,0.3333333333333333,0.0,-0.10233404016258163,0.19606098167862218,0.0,0.0,-0.6931471805599453,-0.6931471805599453,0.0,0.0,0.0,1.5416838024282304,0.1237678488978435,0.42098039388656616,-0.11798014756869057
40,M4,3.0,3.0,3.0,5.0,1.0,1.0,0.32414679249850586,0.4695345824144038,0.2727272727272727,0.19047619047619047,-0.44689045833132357,-0.600271670457454,0.18181818181818182,0.3181818181818182,0.14285714285714285,4.677565148483342,0.41640166677893364,0.5312777757644653,0.05293998117592236
41,M0,2.3333333333333335,2.3333333333333335,2.0,3.0,0.6666666666666666,0.6666666666666666,0.30136947170142137,0.44801938472465896,0.4,0.1111111111111111,-0.4544543674493905,-0.6028073442610006,0.4,0.4,0.1111111111111111,5.751391809950023,0.2817074594319993,0.4956706464290619,0.044862703330922904
41,M1,1.0,1.0,1.6666666666666667,1.6666666666666667,0.0,0.6666666666666666,-0.03136488766919432,0.23602326077722602,0.2,0.0,-0.6931471805599453,-0.6931471805599454,0.1,0.2,0.0,3.0372940354383413,0.17228423618484864,0.4883621633052826,-0.029396043238752334
41,M2,1.3333333333333333,1.6666666666666667,2.3333333333333335,1.6666666666666667,0.6666666666666666,0.6666666666666666,0.22423962658805308,0.3715669840298855,0.3,0.2222222222222222,-0.5738007740046679,-0.6073258681488689,0.3,0.3,0.1111111111111111,5.0912128230977505,0.2726551246038185,0.5519979596138,0.08577994164497293
41,M3,1.0,1.6666666666666667,1.6666666666666667,1.3333333333333333,0.3333333333333333,0.6666666666666666,0.09839694201628246,0.31375486393724517,0.3,0.0,-0.5529364165996835,-0.6931471805599453,0.3,0.3,0.0,4.368583925857938,0.20628314176719048,0.5503154993057251,0.060691362672577465
41,M4,3.0,3.0,3.0,5.0,1.0,1.0,0.6501069735047749,0.6796605269244121,0.5,0.3333333333333333,-0.3790556465526853,-0.5295293277451686,0.4,0.6,0.2222222222222222,12.58220555845937,0.41108643936054967,0.5576606392860413,0.18911293445078736
42,M0,2.0,2.6666666666666665,2.0,2.6666666666666665,0.6666666666666666,0.6666666666666666,0.43528224175771457,0.5235052872019369,0.4230769230769231,0.16,-0.36643747258158055,-0.5815035219588813,0.23076923076923075,0.4615384615384615,0.11999999999999998,7.390502390335897,0.323640150664661,0.5586159229278564,0.0945594369844377
42,M1,2.3333333333333335,2.0,2.0,3.0,1.0,0.6666666666666666,0.5595926864799754,0.6710525308429376,0.3076923076923077,0.28,-0.2754347576164743,-0.44556715529861907,0.3076923076923077,0.38461538461538464,0.24,9.105807509632612,0.4801378408327623,0.6674944162368774,0.21124407629866881
42,M2,1.0,1.0,1.0,1.0,0.0,0.0,0.1951057729210116,0.3413441103711967,0.2692307692307692,0.16,-0.512837170703905,-0.6483869111062018,0.2307692307692308,0.2692307692307692,0.04,3.29696737457855,0.15252114798975966,0.5068867206573486,0.006177281038909466
42,M3,2.0,1.6666666666666667,2.0,3.3333333333333335,1.0,1.0,1.1722636464622138,1.4571808630343797,0.7307692307692307,0.76,-0.11778704978769712,-0.12879951070330553,0.7307692307692307,0.7307692307692307,0.72,65.62740845624148,0.7782718629449419,0.8344390392303467,0.6507451071079313
42,M4,3.0,3.0,3.0,5.0,1.0,1.0,0.8806406470941427,1.0295632153393421,0.5769230769230769,0.52,-0.22539996663211237,-0.3141920993977829,0.5769230769230769,0.5769230769230769,0.48,52.13733222075916,0.6618859868032231,0.7524333596229553,0.4968098863227933
43,M0,1.3333333333333333,2.3333333333333335,2.6666666666666665,3.0,1.0,1.0,-0.0016895683062013722,0.21068787203807038,0.09523809523809523,0.15,-0.6931471805599453,-0.6931471805599452,0.09523809523809523,0.09523809523809523,0.0,1.3244045966611124,0.08267567436651345,0.4520541727542877,-0.011141854986281396
43,M1,1.6666666666666667,1.0,2.0,2.0,0.3333333333333333,0.6666666666666666,0.06964689853235861,0.28442742737949755,0.2857142857142857,0.1,-0.6931471805599453,-0.6931471805599452,0.2857142857142857,0.2857142857142857,0.05,5.516686809951126,0.14101013178015093,0.41837143898010254,-0.03949301451090226
43,M2,1.0,1.0,1.3333333333333333,1.0,0.0,0.6666666666666666,0.11712366432175092,0.33497435499797756,0.19047619047619047,0.05,-0.4903784726395643,-0.6249492339569295,0.14285714285714285,0.19047619047619047,0.05,4.673822071804476,0.12492049758856187,0.5214977860450745,0.06454814467920555
43,M3,1.3333333333333333,1.3333333333333333,1.6666666666666667,1.6666666666666667,0.0,0.6666666666666666,-0.010754106174621914,0.2666672785249701,0.0,0.0,-0.5817007499141892,-0.6931471805599452,0.0,0.047619047619047616,0.0,1.7021996863461522,0.1079545267882463,0.4347901940345764,-0.06911846782837894
43,M4,3.0,3.0,3.0,4.666666666666667,1.0,1.0,-0.10233404016262426,0.19606098167862218,0.0,0.0,-0.6931471805599453,-0.6931471805599452,0.0,0.0,0.0,1.877751044216087,0.18283546178702959,0.3619818687438965,-0.14711593241029353
44,M0,2.6666666666666665,2.6666666666666665,2.0,3.3333333333333335,1.0,1.0,0.4051324376665698,0.5501650129778365,0.4,0.2222222222222222,-0.44051045978517045,-0.5935564152911266,0.4,0.4,0.2222222222222222,8.73716785171588,0.4512004223985135,0.6407940983772278,0.21255523603720328
44,M1,1.6666666666666667,1.3333333333333333,2.0,2.0,0.6666666666666666,0.0,-0.10233404016262426,0.19606098167862218,0.0,0.0,-0.6931471805599453,-0.6931471805599452,0.0,0.0,0.0,1.1434783890309503,0.1434051305190196,0.41798433661460876,-0.08215144891298864
44,M2,1.3333333333333333,2.3333333333333335,1.0,1.6666666666666667,0.0,0.0,0.10857832144656787,0.3030845958330184,0.2,0.2222222222222222,-0.6931471805599453,-0.6931471805599453,0.2,0.2,0.1111111111111111,3.2933284838220014,0.23130693544670494,0.48105427622795105,-0.0009300734169082059
44,M3,2.0,2.3333333333333335,1.0,1.6666666666666667,0.3333333333333333,0.3333333333333333,-0.014668071090169321,0.2552840223259276,0.1,0.0,-0.5917628265997548,-0.6931471805599452,0.1,0.1,0.0,1.6466642419110007,0.22837317548738545,0.5079063773155212,0.04651864950042639
44,M4,3.0,3.0,3.0,5.0,1.0,1.0,0.1366857168884752,0.2908214316270916,0.4,0.1111111111111111,-0.5295293277451687,-0.6931471805599452,0.3,0.3,0.0,1.9011755113058346,0.2979696034155307,0.6151072978973389,0.11651864516936905
45,M0,2.0,2.6666666666666665,2.0,2.6666666666666665,0.3333333333333333,0.0,0.09354316931437656,0.27600426661985067,0.2222222222222222,0.125,-0.5976700553157234,-0.6931471805599452,0.2222222222222222,0.2222222222222222,0.0,1.958224832501124,0.13404912220129003,0.3719691336154938,-0.1304403455869243
45,M1,2.0,3.0,3.0,4.0,1.0,0.0,0.003906934730262601,0.2677672013061352,0.1111111111111111,0.0,-0.5668288201725579,-0.6931471805599452,0.1111111111111111,0.1111111111111111,0.0,3.3864985683445354,0.12152947528348633,0.40724584460258484,-0.04435671103377836
45,M2,2.0,2.3333333333333335,2.6666666666666665,3.3333333333333335,1.0,0.0,1.329206302879753,1.661325123835652,0.8888888888888888,1.0,-0.08630462173553424,-0.13794094986134153,0.8888888888888888,0.8888888888888888,0.875,82.4236750264605,0.8883649336185953,0.9356667399406433,0.815259946177112
45,M3,2.6666666666666665,2.3333333333333335,3.0,4.0,1.0,1.0,0.6609134586554943,0.7733836891178597,0.6666666666666666,0.375,-0.4903784726395643,-0.556751287353914,0.6666666666666666,0.6666666666666666,0.375,18.1852348536183,0.3683049808699607,0.5508219599723816,0.09775912996194913
45,M4,3.0,3.0,3.0,5.0,1.0,1.0,0.44141220652662594,0.5563012561229025,0.3333333333333333,0.375,-0.45849685711612564,-0.5792765163418325,0.3333333333333333,0.3333333333333333,0.25,9.429254736980939,0.39495550839417937,0.5574217438697815,0.003623079834392917
46,M0,2.3333333333333335,2.3333333333333335,1.6666666666666667,2.6666666666666665,1.0,1.0,-0.10565539053318607,0.18436717255508184,0.15384615384615385,0.0,-0.6931471805599453,-0.6931471805599452,0.07692307692307693,0.07692307692307693,0.0,1.7179060012299232,0.15043193655433582,0.38901203870773315,-0.07084557680602144
46,M1,2.0,1.3333333333333333,1.3333333333333333,1.6666666666666667,0.0,1.0,-0.10565539053318651,0.18436717255508894,0.15384615384615385,0.0,-0.6931471805599452,-0.6931471805599452,0.07692307692307693,0.07692307692307693,0.0,1.3355980882200826,0.15006284030735403,0.3948584496974945,-0.11263294437600146
46,M2,1.6666666666666667,2.0,2.0,2.3333333333333335,1.0,0.0,-0.10233404016258174,0.19606098167862218,0.0,0.0,-0.6931471805599453,-0.6931471805599454,0.0,0.0,0.0,2.0244462660665508,0.12905901206225173,0.41820499300956726,-0.07178113442465861
46,M3,2.3333333333333335,2.0,2.3333333333333335,3.6666666666666665,1.0,1.0,-0.10565539053318607,0.18436717255508184,0.15384615384615385,0.0,-0.6931471805599453,-0.6931471805599452,0.07692307692307693,0.07692307692307693,0.0,1.7911710595643588,0.1635332069636519,0.39723455905914307,-0.09968835942430099
46,M4,3.0,3.0,3.0,5.0,1.0,1.0,-0.10565539053318607,0.18436717255508184,0.15384615384615385,0.0,-0.6931471805599452,-0.6931471805599454,0.07692307692307693,0.07692307692307693,0.0,1.038539619163422,0.1535855573755081,0.41069144010543823,-0.12947574845084153
47,M0,1.3333333333333333,2.3333333333333335,1.6666666666666667,1.6666666666666667,0.3333333333333333,0.0,-0.026754486855838144,0.23230275785991672,0.10344827586206896,0.07142857142857142,-0.6931471805599452,-0.6931471805599452,0.10344827586206896,0.10344827586206896,0.03571428571428571,2.9570773081736066,0.12162696698104639,0.3965359330177307,-0.06599584899600885
47,M1,1.3333333333333333,2.0,1.6666666666666667,1.6666666666666667,0.6666666666666666,0.0,0.12645294344202618,0.33273006435185504,0.20689655172413793,0.07142857142857142,-0.506000550109228,-0.6931471805599452,0.13793103448275862,0.20689655172413793,0.03571428571428571,3.0164018022855004,0.1823507296225352,0.47918176651000977,0.012006085004357847
47,M2,1.6666666666666667,2.0,1.0,1.6666666666666667,0.0,0.0,0.29640782307968583,0.40482787941287346,0.3103448275862069,0.10714285714285714,-0.42476977190474363,-0.6931471805599452,0.10344827586206896,0.3793103448275862,0.0,1.9356591027406946,0.2577852470249571,0.5010697841644287,0.1046476768053427
47,M3,1.3333333333333333,2.0,1.6666666666666667,2.0,0.3333333333333333,0.0,0.026328270508555685,0.25830197232715546,0.10344827586206896,0.07142857142857142,-0.5809785693917358,-0.6931471805599452,0.06896551724137931,0.10344827586206896,0.0,1.0994676260836458,0.11061007678572674,0.5334041118621826,0.07748186387220601
47,M4,3.0,2.6666666666666665,3.0,4.666666666666667,1.0,1.0,0.37291932817717977,0.4992584506005018,0.3448275862068966,0.17857142857142858,-0.36446425527977927,-0.5723447522757492,0.27586206896551724,0.3448275862068966,0.14285714285714285,10.241985743496041,0.42286191902088366,0.5524911880493164,0.23190600781477688
48,M0,2.6666666666666665,2.3333333333333335,2.6666666666666665,4.0,1.0,1.0,0.9000360777278134,1.0591600693566559,0.4666666666666667,0.5,-0.27507058840823073,-0.3643067502937318,0.4666666666666667,0.6,0.5,18.4969113023502,0.5629257498722652,0.6678386330604553,0.2788008143027151
48,M1,2.0,2.0,2.6666666666666665,3.3333333333333335,1.0,0.0,-0.05825616137408818,0.22149181035576282,0.13333333333333333,0.0,-0.6931471805599453,-0.6931471805599453,0.06666666666666667,0.13333333333333333,0.0,2.276859592073037,0.15665309797105564,0.4224407374858856,-0.03203448662048625
48,M2,1.3333333333333333,1.3333333333333333,1.0,1.3333333333333333,0.0,0.0,0.06679299155547413,0.24925422023783894,0.26666666666666666,0.14285714285714285,-0.6931471805599453,-0.6931471805599453,0.26666666666666666,0.26666666666666666,0.0,2.7076576267554477,0.17190779413815535,0.4799841642379761,0.05324215531045984
48,M3,1.6666666666666667,1.6666666666666667,1.0,1.6666666666666667,0.0,0.6666666666666666,0.2911037008660802,0.4763035273092402,0.13333333333333333,0.14285714285714285,-0.46209812037329684,-0.6161308271643958,0.13333333333333333,0.26666666666666666,0.14285714285714285,5.255923420816887,0.26742275907144486,0.5338050127029419,0.25027824482109684
48,M4,3.0,3.0,3.0,5.0,1.0,1.0,0.8554778960896611,1.0219789699572908,0.5333333333333333,0.42857142857142855,-0.35744515965686935,-0.43735678354013796,0.5333333333333333,0.6666666666666666,0.5,13.980013456664695,0.4852863519394818,0.5774261951446533,0.1638354474318181
49,M0,2.0,2.6666666666666665,2.3333333333333335,2.6666666666666665,0.3333333333333333,1.0,-0.07853856308698481,0.21010554898886502,0.07692307692307693,0.0,-0.6931471805599453,-0.6931471805599452,0.07692307692307693,0.07692307692307693,0.0,1.4623939836486364,0.08122208095894279,0.44711488485336304,-0.011676725508738217
49,M1,2.6666666666666665,3.0,2.6666666666666665,4.666666666666667,1.0,1.0,-0.07853856308698481,0.21010554898886502,0.07692307692307693,0.0,-0.6931471805599453,-0.6931471805599452,0.038461538461538464,0.07692307692307693,0.0,0.6108517050807526,0.05568801547011054,0.4307537376880646,-0.17555321052814188
49,M2,1.0,2.0,1.0,1.6666666666666667,0.0,1.0,-0.0729131080255132,0.20127544503153583,0.038461538461538464,0.04,-0.6931471805599453,-0.6931471805599452,0.038461538461538464,0.038461538461538464,0.0,2.1045242361846244,0.07565687585276265,0.42609211802482605,-0.08491032547323352
49,M3,2.0,2.3333333333333335,2.6666666666666665,3.0,0.6666666666666666,1.0,-0.07853856308698481,0.21010554898886502,0.07692307692307693,0.0,-0.6931471805599453,-0.6931471805599452,0.038461538461538464,0.07692307692307693,0.0,0.15596296162436185,0.05023011404608275,0.4304007887840271,-0.1931802561089535
49,M4,2.6666666666666665,3.0,3.0,4.333333333333333,1.0,1.0,-0.09100591423057369,0.20285994771098126,0.038461538461538464,0.0,-0.6931471805599453,-0.6931471805599452,0.038461538461538464,0.038461538461538464,0.0,0.5136630090540242,0.08003367032119638,0.4783545136451721,-0.10387559253224765
50,M0,2.0,2.3333333333333335,1.6666666666666667,3.0,0.0,0.6666666666666666,0.7499532995351178,0.8477610160274274,0.52,0.4583333333333333,-0.2809386803608693,-0.40834880070272594,0.52,0.52,0.375,22.366895391935874,0.5144009611294625,0.6249818205833435,0.22997217468715558
50,M1,1.6666666666666667,2.6666666666666665,2.3333333333333335,3.0,1.0,0.0,0.03726122014204003,0.2727899966476044,0.16,0.08333333333333333,-0.6320577235927594,-0.6931471805599452,0.08,0.16,0.041666666666666664,3.576866305779478,0.1534125100007317,0.4816138744354248,-0.05270308394163914
50,M2,1.6666666666666667,2.0,1.0,2.0,0.0,0.0,-0.008520616721933494,0.24267999227576686,0.12,0.041666666666666664,-0.628769506337487,-0.6931471805599452,0.12,0.12,0.0,1.3756031391335235,0.1507193632120779,0.4498375356197357,-0.07786811424194973
50,M3,1.3333333333333333,2.0,1.6666666666666667,1.6666666666666667,0.3333333333333333,0.0,0.016336545542514957,0.26104444294650153,0.12,0.041666666666666664,-0.6374710604095903,-0.6931471805599453,0.08,0.16,0.0,1.8203126785831367,0.1584844489588238,0.4446534514427185,-0.032416623783913634
50,M4,3.0,3.0,3.0,5.0,1.0,1.0,0.8644837964065959,0.9496446818340062,0.56,0.5,-0.24764533851488318,-0.4075181282605218,0.48,0.6,0.4166666666666667,24.65174677990441,0.5625147468780379,0.6822898983955383,0.30495057343934884
51,M0,1.3333333333333333,1.6666666666666667,2.3333333333333335,2.0,0.0,0.0,0.2396694362617765,0.3774676772424347,0.4,0.14285714285714285,-0.5529364165996835,-0.6108800028768879,0.3333333333333333,0.4,0.07142857142857142,3.5198870526684183,0.22015069031432843,0.4719258248806,0.0062462829092451155
51,M1,1.0,1.6666666666666667,1.6666666666666667,1.6666666666666667,0.6666666666666666,0.0,-0.08197296639832674,0.2081310315019982,0.06666666666666667,0.0,-0.6931471805599453,-0.6931471805599452,0.06666666666666667,0.06666666666666667,0.0,1.8716386091619874,0.034783545766405445,0.4478248953819275,-0.1158218477532651
51,M2,1.3333333333333333,1.6666666666666667,2.0,2.0,0.3333333333333333,0.0,0.22176348692683912,0.3665686591071786,0.4,0.14285714285714285,-0.5817007499141892,-0.6219991982484472,0.2,0.4,0.07142857142857142,4.1202784939919095,0.2668068773127906,0.5026453733444214,-0.002188012249815019
51,M3,1.0,1.6666666666666667,2.0,1.6666666666666667,0.6666666666666666,0.0,-0.03136488766919521,0.23602326077722613,0.2,0.0,-0.6931471805599453,-0.6931471805599452,0.2,0.2,0.0,3.248091933669413,0.14625155963153216,0.5402759313583374,0.1007512162412354
51,M4,3.0,3.0,3.0,5.0,1.0,1.0,0.3151622000029678,0.46662417382313315,0.4,0.2857142857142857,-0.6232337008380471,-0.614412618145912,0.4,0.4,0.21428571428571427,6.438851914142184,0.29302759814297635,0.4975394606590271,-0.02700890466716488
52,M0,2.3333333333333335,2.6666666666666665,2.0,3.6666666666666665,1.0,0.6666666666666666,0.41431954207095467,0.5370301111444371,0.38095238095238093,0.25,-0.4182444047106173,-0.5760697537227775,0.3333333333333333,0.38095238095238093,0.2,6.5072047892740885,0.36915373466726187,0.57650226354599,0.19547050772523133
52,M1,2.0,1.6666666666666667,2.0,1.6666666666666667,0.3333333333333333,0.0,0.2798461210869845,0.4182502708498198,0.38095238095238093,0.15,-0.49497983153990865,-0.6139123319944457,0.23809523809523808,0.38095238095238093,0.1,4.625799890348224,0.34564677717902015,0.5294922590255737,0.05002862528822305
52,M2,2.0,2.3333333333333335,1.6666666666666667,3.0,1.0,0.6666666666666666,0.4217037085212272,0.5278337212870448,0.3809523809523809,0.3,-0.4463456475107734,-0.5928249803718814,0.3333333333333333,0.3809523809523809,0.2,6.5072047892740885,0.35109729854961075,0.5482010245323181,0.20968730056524154
52,M3,1.6666666666666667,1.3333333333333333,1.6666666666666667,1.3333333333333333,0.3333333333333333,0.3333333333333333,0.2336678416264356,0.3943321113279902,0.23809523809523808,0.1,-0.44634564751077344,-0.6383404421822431,0.19047619047619047,0.2857142857142857,0.05,3.7550814775784866,0.23006863481895032,0.566135048866272,0.07002322959014029
52,M4,3.0,2.6666666666666665,3.0,4.666666666666667,1.0,1.0,0.03580728836764646,0.2700104428519452,0.14285714285714285,0.05,-0.6370628749758405,-0.6931471805599452,0.14285714285714285,0.19047619047619047,0.0,1.9240848598265397,0.27826692284366833,0.497092604637146,-0.007869636810845293
53,M0,1.3333333333333333,1.6666666666666667,2.0,2.0,0.6666666666666666,0.0,0.3281804075908482,0.45606034014518204,0.4,0.07142857142857142,-0.3654913683934141,-0.6115216713968132,0.3333333333333333,0.4,0.07142857142857142,6.256118460580956,0.19234179253733102,0.6132565140724182,0.307439326091256
53,M1,1.3333333333333333,1.6666666666666667,2.3333333333333335,2.3333333333333335,1.0,0.0,0.28171682865813785,0.4414297366872657,0.26666666666666666,0.07142857142857142,-0.3182570841474064,-0.5754977128124305,0.26666666666666666,0.26666666666666666,0.07142857142857142,6.231803227593409,0.13589317406617646,0.6085063219070435,0.20361204077526507
53,M2,1.3333333333333333,2.0,3.0,3.0,1.0,0.0,0.09324901910488204,0.31383019122905187,0.26666666666666666,0.0,-0.534018638486242,-0.6931471805599453,0.13333333333333333,0.26666666666666666,0.0,5.240300994649826,0.10186080393759528,0.5758869051933289,0.25176932688287934
53,M3,1.6666666666666667,1.6666666666666667,2.0,2.3333333333333335,0.6666666666666666,0.0,0.12109965185441451,0.3016768864841064,0.3333333333333333,0.07142857142857142,-0.5996733379197707,-0.6931471805599453,0.2,0.3333333333333333,0.0,2.449932250423938,0.19011389693962563,0.6041711568832397,0.2443699283982188
53,M4,3.0,3.0,3.0,5.0,1.0,1.0,0.5731651671470108,0.548671336290869,0.6,0.21428571428571427,-0.4673116951320583,-0.6931471805599452,0.26666666666666666,0.7333333333333333,0.07142857142857142,2.8138321975217897,0.27646631839692964,0.5207196474075317,0.02973722661548661
54,M0,1.3333333333333333,1.6666666666666667,1.0,1.3333333333333333,0.3333333333333333,1.0,0.06607471153856648,0.30384263720720184,0.20833333333333331,0.043478260869565216,-0.5877940744960184,-0.6931471805599453,0.20833333333333331,0.20833333333333331,0.043478260869565216,2.9911728697412903,0.1576348473646098,0.5443980693817139,0.0761209308183709
54,M1,1.6666666666666667,1.6666666666666667,1.0,1.3333333333333333,0.0,1.0,0.06523773046840664,0.2998655943119767,0.25,0.043478260869565216,-0.6219991982484472,-0.6931471805599453,0.16666666666666666,0.25,0.043478260869565216,4.701781621171063,0.18917535641608238,0.5212522149085999,0.10961474535755389
54,M2,2.0,2.6666666666666665,2.0,3.0,0.3333333333333333,1.0,-6.486754367374115e-05,0.21681164669728636,0.125,0.13043478260869565,-0.6931471805599452,-0.6931471805599452,0.125,0.125,0.0,2.120962095960313,0.15606536713370153,0.49659261107444763,0.0651719455795926
54,M3,2.0,2.3333333333333335,2.3333333333333335,3.3333333333333335,0.3333333333333333,1.0,0.028595250359975677,0.25065384446545835,0.16666666666666666,0.13043478260869565,-0.6931471805599453,-0.6931471805599453,0.16666666666666666,0.16666666666666666,0.043478260869565216,4.118362459426908,0.16356857921767615,0.5106246471405029,-0.047594630911597324
54,M4,2.6666666666666665,3.0,3.0,4.666666666666667,1.0,1.0,0.1117046237170568,0.3154828773627323,0.20833333333333334,0.08695652173913043,-0.5412312556651496,-0.6454086179378344,0.16666666666666666,0.20833333333333334,0.043478260869565216,3.1721343514584146,0.19528558692370593,0.5148495435714722,0.035116023452099965
55,M0,1.3333333333333333,2.3333333333333335,1.6666666666666667,1.3333333333333333,0.0,0.0,-0.038403381185753815,0.21923832110620056,0.13043478260869565,0.045454545454545456,-0.6931471805599452,-0.6931471805599452,0.13043478260869565,0.13043478260869565,0.0,3.8042430660270212,0.11209339188791118,0.44737470149993896,-0.026695848791524535
55,M1,1.3333333333333333,2.0,2.0,1.6666666666666667,0.3333333333333333,0.0,-0.016969168990470518,0.21826222046165622,0.13043478260869565,0.09090909090909091,-0.6931471805599452,-0.6931471805599452,0.13043478260869565,0.13043478260869565,0.0,2.059181229713454,0.10108834981659338,0.4178355634212494,-0.09885425200341458
55,M2,1.3333333333333333,2.3333333333333335,1.6666666666666667,1.6666666666666667,0.3333333333333333,0.0,-0.05430774584231979,0.21036342288965382,0.08695652173913043,0.045454545454545456,-0.6931471805599452,-0.6931471805599454,0.08695652173913043,0.08695652173913043,0.0,1.8512509556591454,0.10053316875191955,0.434894323348999,-0.06679591774983185
55,M3,2.6666666666666665,3.0,3.0,4.333333333333333,1.0,0.0,-0.03301951864006547,0.20933715658653107,0.08695652173913043,0.09090909090909091,-0.6931471805599452,-0.6931471805599453,0.08695652173913043,0.08695652173913043,0.0,1.4955864348706458,0.07867385545589481,0.4040471315383911,-0.12573459122799324
55,M4,3.0,3.0,3.0,5.0,1.0,1.0,0.4058874065036062,0.47735362227441835,0.34782608695652173,0.22727272727272727,-0.3887376300854953,-0.6203550384120977,0.30434782608695654,0.391304347826087,0.09090909090909091,3.275436973907051,0.31068623870945394,0.5775396227836609,0.12727428435948418
56,M0,2.0,1.6666666666666667,1.6666666666666667,2.6666666666666665,0.6666666666666666,0.6666666666666666,0.579255041825735,0.63888698266264,0.36363636363636365,0.3,-0.31419209939778303,-0.5391144737688464,0.2727272727272727,0.45454545454545453,0.2,6.150343144231885,0.2945287877021494,0.6244346499443054,0.23737745192091098
56,M1,2.0,2.6666666666666665,2.3333333333333335,2.6666666666666665,0.6666666666666666,0.0,-0.07372824920839605,0.21284650794950533,0.09090909090909091,0.0,-0.6931471805599453,-0.6931471805599452,0.09090909090909091,0.09090909090909091,0.0,2.908317710573757,0.13274597510395097,0.40905413031578064,-0.07613385553160157
56,M2,1.6666666666666667,2.0,2.0,2.6666666666666665,0.6666666666666666,0.3333333333333333,0.4592218681302538,0.5561299877852245,0.36363636363636365,0.3,-0.49396565002230775,-0.5755359382207484,0.36363636363636365,0.45454545454545453,0.2,3.9164496650022476,0.44272650574362055,0.5657274127006531,0.0026133503659437896
56,M3,2.0,1.6666666666666667,1.3333333333333333,2.3333333333333335,0.3333333333333333,0.3333333333333333,0.4714666077038683,0.6013776947747763,0.2727272727272727,0.2,-0.4423012252689166,-0.5933587783238233,0.2727272727272727,0.45454545454545453,0.2,2.6545937801413144,0.44343686682599287,0.5792884230613708,0.02710953680734085
56,M4,3.0,2.6666666666666665,2.6666666666666665,4.666666666666667,1.0,1.0,0.6781755043876386,0.7411165222034454,0.45454545454545453,0.4,-0.3748900964125388,-0.5389159131501438,0.36363636363636365,0.5454545454545454,0.3,6.143498010483918,0.4260162002639117,0.6085367798805237,0.16897157703254362
57,M0,1.6666666666666667,2.3333333333333335,1.6666666666666667,2.6666666666666665,0.6666666666666666,0.0,0.05560954850598576,0.29629087289820566,0.18309859154929578,0.04285714285714286,-0.5824354739478661,-0.6722970795791875,0.11267605633802817,0.18309859154929578,0.04285714285714286,1.6856803863762593,0.1617929470886274,0.4872736632823944,-0.008438930407838496
57,M1,1.0,1.0,1.3333333333333333,1.0,0.3333333333333333,0.0,-0.08208662146264523,0.1974873274614405,0.05633802816901409,0.02857142857142857,-0.6931471805599452,-0.6931471805599452,0.028169014084507046,0.04225352112676056,0.0,0.07178898978421744,0.07080087673448146,0.42171579599380493,-0.07367606998100795
57,M2,1.3333333333333333,1.3333333333333333,1.3333333333333333,1.3333333333333333,0.3333333333333333,0.0,0.05844696052880782,0.28199875482097825,0.1267605633802817,0.08571428571428572,-0.5640098485850187,-0.616813865824779,0.11267605633802816,0.1267605633802817,0.04285714285714286,0.8615611335795992,0.08747073348198965,0.48024046421051025,-0.013692407586486821
57,M3,1.6666666666666667,2.0,2.3333333333333335,2.6666666666666665,0.6666666666666666,0.3333333333333333,0.08559530083024391,0.2892721370705539,0.16901408450704225,0.1,-0.5567683794581709,-0.6390182637712432,0.09859154929577464,0.16901408450704225,0.02857142857142857,0.8858413232580039,0.14804860496198186,0.4677661955356598,-0.018334690311114343
57,M4,2.3333333333333335,2.6666666666666665,2.6666666666666665,3.6666666666666665,0.6666666666666666,0.0,-0.023750297283431032,0.24242505269084513,0.04225352112676056,0.02857142857142857,-0.5942886072884952,-0.6931471805599452,0.02816901408450704,0.04225352112676056,0.0,0.05590293491897275,0.07072342299911678,0.4337023198604584,-0.08112232368884142
58,M0,1.6666666666666667,2.3333333333333335,2.3333333333333335,2.6666666666666665,1.0,0.0,-0.07510246779486607,0.21206627850162463,0.08695652173913043,0.0,-0.6931471805599452,-0.6931471805599453,0.08695652173913043,0.08695652173913043,0.0,1.998855581795249,0.11404003013438593,0.4183696210384369,-0.08752393885264631
58,M1,2.3333333333333335,2.0,1.3333333333333333,2.0,0.0,1.0,0.5905495194762931,0.6591233282596681,0.5217391304347826,0.4090909090909091,-0.4339237739477534,-0.4982603958200307,0.43478260869565216,0.5217391304347826,0.2727272727272727,12.01739662820842,0.43397612739231917,0.590657114982605,0.20560595622948608
58,M2,1.6666666666666667,2.6666666666666665,3.0,3.0,1.0,0.0,0.10791326190444595,0.3227575394170893,0.08695652173913043,0.0,-0.3465735902799726,-0.34657359027997264,0.08695652173913043,0.08695652173913043,0.0,1.33737378839527,0.0626879034180588,0.37181663513183594,-0.1299065230194576
58,M3,3.0,3.0,3.0,4.333333333333333,1.0,1.0,0.5276883612527159,0.6638018099099795,0.43478260869565216,0.2727272727272727,-0.345602325149042,-0.4228578209457325,0.391304347826087,0.43478260869565216,0.2727272727272727,24.07380623610561,0.4291057850019439,0.5903851389884949,0.22010618968186246
58,M4,3.0,3.0,3.0,5.0,1.0,1.0,0.5480927732955095,0.5953066908354971,0.5217391304347826,0.2727272727272727,-0.35290405938099845,-0.5685153903730459,0.4782608695652174,0.5217391304347826,0.18181818181818182,6.757878745244754,0.37788528901530294,0.5963135957717896,0.25627301048771745
59,M0,2.0,2.3333333333333335,2.6666666666666665,3.0,1.0,0.6666666666666666,1.156450914892567,1.3738556010856395,0.75,0.6363636363636364,-0.06155537862300821,-0.1710030226350247,0.75,0.75,0.6363636363636364,55.68361006187289,0.7430637917264921,0.8482029438018799,0.6267001116313384
59,M1,2.3333333333333335,2.3333333333333335,3.0,3.6666666666666665,1.0,0.6666666666666666,1.3907986626559559,1.844083188943302,1.0,1.0,-0.0,-0.0,1.0,1.0,1.0,100.00000000000004,1.0,1.0,1.0
59,M2,1.6666666666666667,2.0,1.6666666666666667,2.6666666666666665,0.0,0.0,0.020506504137609793,0.2744576857326726,0.16666666666666666,0.0,-0.5776226504666211,-0.6931471805599453,0.16666666666666666,0.16666666666666666,0.0,2.908317710573757,0.1892807905230464,0.45584243535995483,-0.04481370801978457
59,M3,2.3333333333333335,2.3333333333333335,2.6666666666666665,3.0,1.0,0.6666666666666666,1.0171261962897213,1.2741361706365675,0.75,0.6363636363636364,-0.1878737390103956,-0.1710030226350247,0.6666666666666666,0.6666666666666666,0.6363636363636364,52.45537838821977,0.7055463393865535,0.8298709988594055,0.6026559032659262
59,M4,3.0,3.0,3.0,4.666666666666667,1.0,1.0,0.23155590018929162,0.39841956824953306,0.41666666666666663,0.09090909090909091,-0.5535509432233852,-0.648386911106202,0.3333333333333333,0.41666666666666663,0.09090909090909091,3.2677968802443296,0.34246715344297124,0.5492934584617615,0.08191311942565294
